,EMG_1,EMG_2,EMG_3,EMG_4,EMG_5,EMG_6,EMG_7,EMG_8,Class
0,22,23,22,83,63,21,20,19,0
1,25,23,23,86,63,23,20,20,0
2,24,21,24,104,65,24,21,20,0
3,26,20,24,103,59,25,22,20,0
4,26,20,25,104,58,26,22,17,0
5,28,23,27,109,52,27,22,19,0
6,24,22,28,106,48,26,23,19,0
7,26,24,26,87,39,24,22,20,0
8,24,25,28,63,34,25,22,20,0
9,24,24,26,53,26,25,22,21,0
10,23,22,26,43,22,24,21,23,0
11,24,21,24,44,23,24,18,21,0
12,22,20,26,42,22,23,18,22,0
13,24,20,26,39,23,20,18,23,0
14,22,19,26,37,22,19,19,22,0
15,22,20,25,26,25,18,21,20,0
16,19,20,27,35,25,21,23,21,0
17,19,20,26,105,47,26,23,20,0
18,17,18,25,111,53,30,23,20,0
19,18,21,26,113,53,29,22,19,0
20,18,21,27,119,53,29,22,19,0
21,18,21,25,128,55,29,21,18,0
22,20,20,23,83,43,23,20,19,0
23,23,21,25,105,41,19,20,18,0
24,23,22,27,104,50,26,21,21,0
25,24,21,25,118,54,27,21,20,0
26,26,22,26,107,60,26,22,23,0
27,26,23,29,113,75,27,22,21,0
28,26,23,27,192,98,34,26,22,0
29,26,23,35,203,103,37,27,22,0
30,28,26,35,197,104,37,25,23,0
31,26,26,36,203,103,36,24,22,0
32,25,27,35,205,110,36,24,23,0
33,23,26,36,129,94,29,20,23,0
34,25,25,27,190,109,21,18,22,0
35,23,26,33,199,115,23,18,22,0
36,23,25,33,200,114,23,19,21,0
37,27,26,42,205,108,26,19,24,0
38,27,26,53,206,116,26,20,23,0
39,25,27,64,165,102,27,21,23,0
40,30,25,63,171,103,28,25,24,0
41,35,25,65,190,149,37,24,25,0
42,34,27,82,237,156,41,25,23,0
43,34,33,106,268,231,46,26,24,0
44,37,33,104,261,245,46,26,26,0
45,34,32,105,254,246,44,23,25,0
46,29,31,106,252,230,40,25,23,0
47,27,29,91,203,223,36,26,22,0
48,27,20,54,151,134,30,25,21,0
49,25,21,55,150,104,28,24,18,0
50,30,25,65,138,90,29,22,18,0
51,41,27,62,100,60,27,21,20,0
52,90,39,62,89,48,23,21,24,0
53,98,44,59,104,52,23,18,24,0
54,99,44,52,90,45,23,20,26,0
55,103,51,75,104,48,22,20,29,0
56,101,51,80,105,53,20,19,27,0
57,127,81,87,108,55,22,19,34,0
58,134,84,89,124,51,23,23,36,0
59,136,96,144,201,126,28,23,35,0
60,137,94,136,210,136,33,25,34,0
61,138,95,140,243,178,38,29,37,0
62,95,92,218,298,301,47,30,34,0
63,140,204,327,356,310,54,44,55,0
64,144,228,322,521,551,75,49,58,0
65,173,447,346,613,592,83,61,82,0
66,180,471,344,627,616,84,60,83,0
67,177,473,318,773,717,100,65,83,0
68,133,442,260,817,758,112,62,71,0
69,131,437,265,808,616,99,60,72,0
70,83,242,235,762,620,96,48,45,0
71,63,195,247,879,601,96,49,44,0
72,54,182,229,795,415,78,41,40,0
73,53,179,169,778,334,54,32,37,0
74,38,156,141,775,299,51,29,32,0
75,34,94,147,798,321,47,27,29,0
76,31,90,166,717,315,46,24,23,0
77,36,98,204,728,412,58,26,27,0
78,34,77,206,696,459,73,29,30,0
79,35,77,209,590,485,77,30,29,0
80,33,74,199,533,411,74,31,29,0
81,31,70,167,462,435,74,32,29,0
82,25,48,117,332,351,65,31,26,0
83,25,46,127,265,277,47,28,23,0
84,24,44,132,235,222,40,27,23,0
85,22,42,132,247,233,40,27,22,0
86,23,40,156,280,251,46,25,24,0
87,22,42,156,281,255,41,25,23,0
88,20,33,139,297,256,41,24,23,0
89,21,28,134,306,261,41,22,22,0
90,24,45,166,337,275,51,26,24,0
91,24,52,151,306,300,56,28,25,0
92,24,52,144,320,293,58,29,26,0
93,24,54,140,337,311,61,30,26,0
94,23,53,127,331,314,63,31,27,0
95,22,45,90,293,302,55,29,27,0
96,26,42,111,247,222,44,28,25,0
97,29,42,115,245,231,45,28,23,0
98,30,44,123,236,238,50,30,23,0
99,34,58,183,378,255,58,31,24,0
100,45,56,178,376,246,62,32,23,0
101,59,60,161,384,213,63,32,25,0
102,60,60,159,379,217,65,29,23,0
103,61,58,157,369,184,61,28,24,0
104,62,47,83,224,141,51,24,21,0
105,101,52,81,208,142,49,22,26,0
106,96,44,74,190,141,49,22,25,0
107,97,44,86,160,96,41,21,25,0
108,98,52,111,144,108,39,21,26,0
109,98,51,118,146,111,40,22,25,0
110,52,42,119,142,97,39,22,23,0
111,50,42,119,128,89,35,20,23,0
112,68,49,113,132,84,35,22,25,0
113,75,42,99,117,55,35,19,27,0
114,76,42,87,101,48,31,22,27,0
115,86,44,99,96,47,30,23,26,0
116,147,54,111,92,59,32,24,34,0
117,146,51,111,92,61,30,22,33,0
118,149,50,99,84,60,29,25,32,0
119,156,66,134,86,60,30,25,35,0
120,153,80,159,85,58,28,24,35,0
121,95,74,151,82,47,30,24,28,0
122,101,74,147,73,43,30,25,31,0
123,105,129,206,104,49,33,25,34,0
124,121,338,511,198,59,42,35,40,0
125,120,360,539,215,65,43,38,40,0
126,129,363,553,217,64,39,38,40,0
127,118,372,562,226,62,39,40,40,0
128,105,359,555,225,60,37,38,36,0
129,109,327,486,167,53,34,32,37,0
130,108,312,475,145,46,33,29,36,0
131,96,315,484,146,48,35,29,35,0
132,94,306,483,133,46,34,28,34,0
133,108,311,483,115,46,35,28,36,0
134,70,146,284,83,41,26,25,26,0
135,70,121,233,84,41,25,22,25,0
136,99,131,338,108,40,24,23,29,0
137,105,142,378,121,47,28,22,28,0
138,94,135,373,118,45,30,23,26,0
139,94,128,376,115,46,31,21,26,0
140,93,123,382,113,45,30,21,26,0
141,64,97,265,87,47,30,20,22,0
142,55,77,194,77,40,29,19,24,0
143,59,66,187,72,36,28,17,24,0
144,65,220,203,75,37,28,20,27,0
145,64,233,197,72,34,28,21,27,0
146,64,240,180,66,28,26,21,26,0
147,60,246,168,58,30,26,21,24,0
148,53,251,156,70,35,25,23,22,0
149,62,184,130,82,40,23,21,20,0
150,76,298,186,94,46,27,29,29,0
151,75,310,194,101,45,25,28,29,0
152,75,310,193,96,46,24,27,29,0
153,74,306,186,89,45,24,26,29,0
154,57,280,174,123,50,30,28,29,0
155,35,142,114,155,57,29,20,20,0
156,31,98,90,159,62,32,20,21,0
157,32,78,89,163,63,33,21,22,0
158,47,70,84,168,73,32,21,24,0
159,66,69,88,144,70,29,19,23,0
160,69,56,101,151,96,40,24,23,0
161,69,50,103,150,105,41,24,22,0
162,74,44,100,178,128,42,24,23,0
163,110,67,166,184,129,46,28,23,0
164,103,80,201,187,127,45,27,23,0
165,102,80,187,158,106,36,23,22,0
166,102,83,188,170,124,36,24,22,0
167,98,83,190,164,113,41,25,22,0
168,54,87,170,156,109,39,22,22,0
169,50,71,139,150,111,40,22,21,0
170,49,69,137,142,107,38,22,22,0
171,47,66,135,123,76,37,23,23,0
172,48,70,167,131,62,29,23,22,0
173,51,70,217,143,63,27,22,19,0
174,81,99,258,149,68,28,26,24,0
175,84,104,265,149,71,33,28,25,0
176,85,103,268,211,129,35,27,24,0
177,88,122,274,201,149,36,26,27,0
178,81,114,241,193,147,33,27,28,0
179,49,93,215,193,145,33,24,26,0
180,71,98,226,200,152,29,21,25,0
181,85,98,225,137,155,30,21,26,0
182,81,74,197,144,153,30,22,24,0
183,82,72,191,152,156,35,24,25,0
184,91,86,195,174,156,35,24,25,0
185,99,95,187,187,158,42,29,30,0
186,90,98,186,183,123,40,29,28,0
187,93,96,205,163,119,45,32,32,0
188,96,98,239,222,122,42,31,32,0
189,88,86,217,234,129,48,33,32,0
190,57,65,204,222,129,42,29,27,0
191,51,61,218,230,138,42,28,29,0
192,47,63,233,277,136,41,28,27,0
193,38,50,186,254,169,43,28,24,0
194,33,47,178,269,196,40,25,22,0
195,32,44,215,285,204,42,25,24,0
196,32,50,211,308,211,43,25,25,0
197,29,46,187,272,202,40,22,25,0
198,29,44,172,255,176,40,21,25,0
199,28,42,169,205,159,37,23,25,0
200,53,48,151,190,148,37,25,28,0
201,53,43,178,152,123,36,25,28,0
202,82,48,169,163,134,38,27,34,0
203,85,47,171,170,131,37,28,34,0
204,117,51,186,170,107,38,26,38,0
205,113,46,186,160,102,38,25,36,0
206,252,62,186,154,97,41,33,64,0
207,267,66,198,136,84,38,30,63,0
208,274,66,206,103,74,36,29,65,0
209,373,84,249,141,82,35,39,85,0
210,387,87,247,149,75,32,38,88,0
211,358,87,225,138,73,28,34,78,0
212,394,89,248,153,69,27,34,88,0
213,396,91,240,166,70,31,34,87,0
214,316,78,186,139,56,32,26,70,0
215,301,76,171,141,49,33,27,69,0
216,254,79,179,178,60,32,26,61,0
217,170,103,218,179,58,33,27,43,0
218,154,108,264,185,66,31,27,43,0
219,106,105,266,194,66,29,25,38,0
220,96,106,295,201,67,28,23,32,0
221,79,100,306,198,62,27,21,29,0
222,53,68,250,188,82,27,23,27,0
223,50,61,213,186,79,26,22,26,0
224,45,68,217,201,93,24,22,24,0
225,47,70,174,186,95,28,23,24,0
226,47,75,143,185,100,30,23,24,0
227,45,77,140,195,92,30,20,21,0
228,102,86,174,212,95,34,22,25,0
229,105,92,183,206,91,35,23,27,0
230,103,92,194,259,100,37,23,29,0
231,103,87,194,266,99,38,22,28,0
232,105,90,252,280,116,48,30,29,0
233,55,80,256,274,133,51,30,25,0
234,46,68,251,265,136,52,30,24,0
235,46,63,266,223,134,51,31,22,0
236,46,60,289,205,137,54,32,25,0
237,41,60,250,167,122,46,25,26,0
238,36,58,216,161,136,42,23,28,0
239,33,55,324,169,139,41,23,28,0
240,31,54,318,203,150,44,22,29,0
241,25,47,299,220,192,44,23,26,0
242,24,35,341,248,224,46,22,24,0
243,26,40,376,261,208,47,28,22,0
244,27,39,297,307,235,50,31,54,0
245,27,40,295,284,227,47,30,62,0
246,27,41,293,273,207,51,31,68,0
247,26,39,234,261,194,53,32,69,0
248,24,33,169,328,219,52,28,73,0
249,26,31,151,302,198,56,27,54,0
250,26,31,145,309,203,61,29,45,0
251,25,32,164,312,203,58,31,65,0
252,26,34,186,312,212,58,31,68,0
253,27,40,204,274,268,64,31,67,0
254,26,40,209,258,270,62,30,71,0
255,26,40,201,250,280,60,31,71,0
256,28,39,185,238,274,57,27,46,0
257,34,46,183,243,281,59,28,42,0
258,32,47,187,258,280,57,28,37,0
259,32,47,174,276,304,66,30,30,0
260,32,47,171,287,303,71,31,26,0
261,32,50,212,289,302,74,33,25,0
262,27,42,202,289,284,74,32,23,0
263,26,39,190,222,236,71,33,24,0
264,27,40,255,228,254,68,32,25,0
265,36,42,254,226,252,70,33,30,0
266,36,39,225,225,253,67,35,31,0
267,36,41,216,250,312,71,36,32,0
268,38,40,218,257,327,75,37,34,0
269,40,42,152,234,286,72,35,33,0
270,34,44,161,223,313,63,36,49,0
271,37,45,156,247,332,71,36,76,0
272,47,44,152,217,303,63,35,77,0
273,46,43,161,237,301,66,33,81,0
274,87,39,151,252,336,65,35,112,0
275,97,37,140,303,408,80,39,145,0
276,100,40,171,346,500,94,41,134,0
277,99,44,179,364,497,101,44,136,0
278,119,46,173,342,482,95,47,137,0
279,96,48,192,344,487,95,48,115,0
280,86,45,193,325,445,90,43,64,0
281,97,47,191,266,321,70,40,65,0
282,98,47,194,239,314,66,40,69,0
283,78,47,243,262,339,73,38,64,0
284,75,45,267,278,367,81,38,63,0
285,81,53,314,244,325,75,39,60,0
286,110,60,339,238,321,72,39,56,0
287,122,62,361,230,313,66,36,46,0
288,128,66,328,220,312,57,34,45,0
289,136,73,323,163,219,40,33,45,0
290,135,69,309,156,217,37,32,43,0
291,118,66,276,149,216,38,29,46,0
292,167,86,271,184,206,45,37,57,0
293,180,128,315,176,159,49,40,59,0
294,180,139,301,185,162,49,37,57,0
295,194,184,284,189,143,47,35,59,0
296,196,193,337,188,135,44,36,61,0
297,167,271,321,173,126,38,26,53,0
298,215,296,292,172,106,41,38,67,0
299,271,420,427,199,128,61,69,102,0
300,277,608,544,267,146,70,79,112,0
301,272,628,531,277,169,76,83,110,0
302,261,611,539,268,172,78,84,109,0
303,212,598,546,261,168,75,79,101,0
304,167,531,463,269,154,63,60,72,0
305,179,327,337,226,152,66,59,69,0
306,182,290,315,219,140,61,57,69,0
307,189,268,300,221,143,61,56,69,0
308,184,261,290,238,145,61,54,67,0
309,148,229,261,198,136,56,51,60,0
310,98,156,236,165,110,39,32,35,0
311,82,155,214,156,92,34,26,29,0
312,62,130,218,206,89,35,29,27,0
313,61,116,183,209,102,39,32,27,0
314,55,109,166,223,109,41,31,29,0
315,42,90,135,286,133,45,32,33,0
316,49,54,145,288,134,48,32,34,0
317,47,63,139,272,130,46,30,32,0
318,42,67,138,261,123,40,24,29,0
319,43,67,135,360,146,41,25,28,0
320,45,64,135,373,129,36,27,21,0
321,31,61,107,381,214,32,28,21,0
322,29,47,79,479,271,40,29,22,0
323,28,37,80,587,346,47,30,22,0
324,29,34,74,569,359,59,33,24,0
325,27,34,64,566,376,61,32,24,0
326,26,33,63,603,344,64,31,24,0
327,26,31,58,531,432,159,45,27,0
328,29,31,54,416,441,185,51,29,0
329,29,33,46,382,458,192,50,29,0
330,30,34,48,351,449,208,54,30,0
331,32,35,50,280,486,215,56,31,0
332,31,33,53,268,396,166,46,27,0
333,28,35,50,315,368,173,42,27,0
334,25,30,45,294,338,178,40,26,0
335,25,30,45,364,344,161,36,25,0
336,24,37,136,374,279,153,33,24,0
337,34,68,178,378,258,150,32,25,0
338,35,68,181,353,191,114,27,24,0
339,34,70,185,369,210,117,33,22,0
340,34,71,187,284,226,120,34,21,0
341,32,67,141,279,229,120,35,21,0
342,23,40,103,293,221,115,35,23,0
343,21,40,112,362,262,110,34,21,0
344,20,36,113,362,247,84,29,20,0
345,22,35,112,392,248,78,27,21,0
346,24,38,107,384,276,81,26,20,0
347,25,37,94,376,294,75,26,19,0
348,27,49,175,301,271,71,27,20,0
349,28,54,190,272,253,58,25,20,0
350,26,54,193,248,222,49,23,20,0
351,24,53,197,258,198,40,23,20,0
352,25,57,224,231,178,37,18,20,0
353,23,48,220,233,164,32,20,20,0
354,25,42,207,227,168,32,22,20,0
355,26,46,210,201,176,33,22,21,0
356,28,47,215,217,161,35,24,25,0
357,27,41,208,221,168,40,24,23,0
358,26,36,144,189,154,40,21,22,0
359,25,38,142,209,148,39,20,22,0
360,25,35,149,218,138,36,19,20,0
361,24,32,168,187,134,37,18,15,0
362,21,31,157,181,104,29,20,18,0
363,22,34,167,244,146,31,20,18,0
364,31,49,203,232,146,33,19,24,0
365,29,53,192,212,139,33,20,26,0
366,29,54,167,203,147,29,21,26,0
367,682,1016,995,353,272,151,247,218,1
368,627,1027,1016,411,283,165,229,235,1
369,660,1049,960,401,297,169,252,225,1
370,597,1104,965,393,291,180,250,235,1
371,539,1034,986,387,291,185,253,235,1
372,540,1028,950,384,304,182,253,225,1
373,654,1046,898,329,322,166,242,205,1
374,630,1079,911,338,291,164,226,220,1
375,632,1070,860,359,274,144,220,230,1
376,738,1066,853,429,250,151,259,323,1
377,691,1020,790,422,252,146,259,325,1
378,618,1004,784,448,225,151,264,336,1
379,621,1057,829,478,226,171,266,339,1
380,713,1071,876,528,219,187,270,346,1
381,667,1089,976,520,245,184,228,273,1
382,690,1165,1011,519,238,187,232,267,1
383,732,1157,1072,496,238,186,212,257,1
384,742,1115,1093,451,267,167,200,235,1
385,664,1108,1055,403,275,167,209,218,1
386,671,1118,1019,395,257,167,225,217,1
387,676,1091,1006,409,257,169,221,234,1
388,637,1136,1038,437,268,188,232,260,1
389,638,1199,1014,482,235,183,233,270,1
390,632,1154,1073,490,236,181,246,276,1
391,620,1141,1049,508,241,179,257,308,1
392,606,1075,1026,500,228,173,251,302,1
393,608,1087,949,529,227,159,263,308,1
394,581,1049,888,498,255,163,285,303,1
395,543,1090,772,462,245,163,273,288,1
396,648,1097,835,487,255,190,270,303,1
397,758,1125,838,525,291,219,285,324,1
398,765,1020,783,483,282,222,263,290,1
399,800,981,817,516,279,233,252,307,1
400,854,963,899,533,299,230,251,316,1
401,749,987,725,452,296,202,219,257,1
402,625,978,801,441,277,187,257,244,1
403,685,1101,986,493,327,209,287,291,1
404,758,1080,965,450,310,195,280,269,1
405,742,1161,975,407,283,183,297,251,1
406,779,1195,1022,407,279,184,290,253,1
407,833,1210,1056,490,293,214,269,288,1
408,768,1114,934,416,270,190,244,239,1
409,665,1071,979,477,282,215,259,260,1
410,616,1077,910,494,325,215,232,256,1
411,555,981,916,507,318,218,229,253,1
412,585,992,870,428,308,195,229,234,1
413,570,1104,821,433,272,184,260,232,1
414,565,1112,810,429,308,180,240,236,1
415,561,1059,878,479,292,185,232,252,1
416,656,1071,911,472,305,190,241,268,1
417,580,1060,850,443,287,167,204,237,1
418,616,951,872,474,315,180,173,254,1
419,621,1010,887,405,291,158,162,234,1
420,652,951,862,378,276,170,163,258,1
421,583,931,799,430,285,175,153,257,1
422,673,1049,877,479,311,193,192,295,1
423,656,1052,917,519,295,205,193,319,1
424,703,1113,878,630,316,237,237,349,1
425,665,1115,833,600,302,225,239,327,1
426,625,1093,818,558,290,212,238,317,1
427,555,1041,860,526,310,209,209,278,1
428,576,1063,871,461,313,204,230,244,1
429,517,972,816,300,272,164,188,190,1
430,504,963,881,302,280,172,177,175,1
431,486,958,893,306,282,173,209,174,1
432,446,867,786,342,248,171,221,201,1
433,365,932,760,350,266,162,181,187,1
434,461,951,781,360,273,161,179,189,1
435,546,973,762,387,274,157,195,216,1
436,606,1038,762,391,262,161,166,230,1
437,621,1073,756,347,246,140,155,223,1
438,675,1018,712,333,250,138,158,223,1
439,649,1054,737,324,251,134,160,224,1
440,591,1074,693,296,259,120,145,196,1
441,575,991,705,290,256,110,214,189,1
442,556,973,731,305,261,125,211,179,1
443,517,984,745,283,233,118,206,172,1
444,540,956,736,303,226,129,235,187,1
445,584,940,763,353,221,142,255,203,1
446,614,1013,751,440,235,180,210,250,1
447,607,1001,661,422,216,175,200,245,1
448,632,1103,703,452,202,175,214,261,1
449,644,1161,806,438,235,170,177,253,1
450,635,1233,789,401,243,169,166,249,1
451,585,1227,835,290,249,137,168,186,1
452,647,1269,873,276,264,130,179,187,1
453,688,1167,949,370,276,151,191,208,1
454,621,1149,895,423,263,168,218,231,1
455,616,1164,866,421,265,157,203,230,1
456,602,1130,857,455,251,155,201,260,1
457,573,1079,880,508,256,166,206,268,1
458,568,1156,838,434,283,149,191,257,1
459,551,1120,789,403,301,126,165,224,1
460,552,1015,841,401,300,135,189,218,1
461,591,1067,881,390,305,137,191,210,1
462,544,1044,885,319,292,133,180,194,1
463,481,967,818,330,290,125,184,189,1
464,505,950,866,318,262,135,186,212,1
465,557,957,860,324,250,144,163,216,1
466,510,921,779,320,249,147,175,200,1
467,517,930,737,329,249,138,180,198,1
468,490,1014,736,315,258,146,180,203,1
469,472,1010,709,343,262,144,176,193,1
470,374,996,657,337,276,137,169,190,1
471,412,1060,695,335,276,135,204,197,1
472,435,1060,722,334,284,146,221,202,1
473,451,987,680,334,247,144,209,191,1
474,443,960,650,350,252,155,207,186,1
475,449,1012,703,335,223,150,206,175,1
476,488,906,694,332,230,149,146,178,1
477,505,1042,703,401,230,153,116,181,1
478,494,1000,711,387,223,144,123,169,1
479,548,1062,687,352,235,140,140,189,1
480,569,1032,670,378,256,146,148,201,1
481,522,1175,675,380,268,150,155,185,1
482,542,1107,636,307,264,135,160,182,1
483,533,1171,687,331,260,139,169,189,1
484,513,1180,789,307,244,128,162,164,1
485,500,1164,819,278,229,123,158,153,1
486,505,1087,765,262,191,115,144,172,1
487,494,1061,757,314,211,147,142,194,1
488,499,960,701,294,230,155,132,184,1
489,480,877,645,315,210,155,133,195,1
490,490,887,668,307,209,150,126,191,1
491,496,933,757,306,246,162,147,176,1
492,467,970,786,242,227,142,135,159,1
493,473,1054,813,248,223,135,140,178,1
494,470,1124,895,222,218,134,132,170,1
495,443,1077,827,247,233,139,155,181,1
496,479,1014,826,285,234,128,154,219,1
497,483,1054,864,309,244,130,161,219,1
498,476,1070,862,310,251,137,153,201,1
499,501,1021,739,325,261,138,155,206,1
500,556,1146,813,311,247,133,134,199,1
501,584,1154,795,280,244,128,121,168,1
502,565,1036,759,288,228,125,138,173,1
503,565,971,829,273,201,106,137,175,1
504,549,1010,848,280,191,106,141,173,1
505,538,998,789,302,212,117,166,188,1
506,461,1063,800,301,193,111,161,183,1
507,520,1096,807,282,199,101,166,159,1
508,510,1065,743,313,207,107,182,173,1
509,498,1065,814,337,227,110,191,197,1
510,529,1044,825,381,244,117,178,206,1
511,526,978,747,374,230,116,183,203,1
512,490,1159,726,412,228,118,177,209,1
513,512,1197,718,396,227,122,174,207,1
514,530,1211,659,393,218,129,161,192,1
515,441,1244,713,372,208,127,167,184,1
516,445,1224,760,363,204,128,177,191,1
517,399,1076,769,331,260,148,187,197,1
518,446,1168,740,419,328,186,214,269,1
519,455,1120,729,404,347,194,220,270,1
520,468,1105,731,392,347,196,221,278,1
521,554,1090,829,453,358,206,221,309,1
522,609,1077,891,480,329,204,215,329,1
523,564,1024,942,444,295,177,204,288,1
524,550,1020,938,446,269,158,202,276,1
525,550,975,993,451,246,155,201,274,1
526,511,988,954,455,241,165,220,284,1
527,491,1025,928,427,248,175,234,274,1
528,496,971,923,375,215,161,221,246,1
529,533,1049,966,385,235,172,227,270,1
530,540,1081,865,425,261,183,234,293,1
531,498,1132,835,387,257,172,210,256,1
532,482,1063,742,365,234,144,175,236,1
533,516,1031,785,487,240,183,270,300,1
534,575,959,765,488,214,177,264,294,1
535,612,960,854,505,209,189,271,297,1
536,642,941,823,492,201,185,271,287,1
537,694,985,860,590,258,224,316,342,1
538,720,1104,818,519,269,202,246,312,1
539,665,1121,831,537,274,205,247,314,1
540,643,1082,772,494,251,184,244,289,1
541,634,1120,837,486,251,185,244,310,1
542,567,1116,876,355,196,131,179,246,1
543,538,1055,873,322,163,123,167,231,1
544,501,1012,913,279,237,121,165,220,1
545,473,997,867,229,257,111,132,200,1
546,462,900,786,281,261,111,121,170,1
547,496,989,748,344,272,128,141,195,1
548,479,945,711,345,267,124,126,176,1
549,463,879,575,400,212,109,109,154,1
550,459,891,597,502,345,142,115,160,1
551,461,951,657,529,376,147,171,199,1
552,444,853,659,541,392,152,174,198,1
553,489,853,649,564,397,160,197,219,1
554,562,954,753,531,408,175,204,266,1
555,601,953,841,450,315,159,211,274,1
556,727,984,887,522,322,204,204,304,1
557,762,956,904,515,326,221,211,317,1
558,722,973,943,493,320,217,197,309,1
559,738,944,906,489,295,212,209,297,1
560,730,1000,924,592,292,230,214,332,1
561,636,969,931,546,279,212,195,311,1
562,571,996,922,505,251,187,197,284,1
563,565,1072,909,515,256,189,209,293,1
564,533,1037,942,535,282,205,208,294,1
565,533,937,841,424,284,182,200,252,1
566,489,907,791,342,280,167,192,229,1
567,554,949,804,367,284,173,207,243,1
568,611,924,868,419,297,203,204,256,1
569,565,967,817,382,286,188,196,228,1
570,515,993,861,371,267,187,188,213,1
571,513,1080,941,400,261,199,214,220,1
572,528,1082,921,379,251,197,179,203,1
573,449,1067,842,353,279,175,187,179,1
574,457,1233,841,351,288,173,205,191,1
575,510,1332,796,339,288,168,207,198,1
576,556,1313,736,325,285,150,185,187,1
577,487,1320,734,365,288,150,200,203,1
578,575,1311,832,368,241,152,188,208,1
579,594,1228,972,386,254,161,201,241,1
580,614,1177,1012,404,291,170,223,259,1
581,649,1120,1000,400,282,160,217,263,1
582,667,1102,1031,406,320,179,219,264,1
583,701,1146,1042,414,354,182,228,288,1
584,739,1149,1017,423,347,188,232,277,1
585,705,1085,1039,459,348,204,218,269,1
586,644,1135,993,453,368,203,211,250,1
587,697,1129,987,438,347,207,210,265,1
588,634,1123,970,484,331,221,220,280,1
589,586,998,861,463,310,204,219,259,1
590,693,1040,903,485,294,201,232,280,1
591,768,1087,970,597,337,258,262,337,1
592,708,1046,945,593,317,245,250,323,1
593,740,1064,875,537,302,227,237,287,1
594,721,1072,883,527,313,227,201,284,1
595,637,1071,798,465,295,211,179,261,1
596,639,1013,808,425,255,168,183,268,1
597,739,1008,807,482,290,179,207,310,1
598,696,883,806,507,301,191,204,319,1
599,769,932,850,566,309,221,254,348,1
600,788,1027,994,615,312,230,269,373,1
601,765,1072,1017,535,278,216,253,335,1
602,708,1199,1070,566,280,223,251,318,1
603,744,1257,1070,565,305,224,283,331,1
604,712,1248,1075,564,295,209,259,323,1
605,698,1141,947,558,303,218,262,321,1
606,650,1099,930,588,310,226,254,324,1
607,634,958,894,499,279,204,265,298,1
608,667,957,881,453,234,185,227,276,1
609,655,1019,862,378,224,172,204,245,1
610,619,1058,852,302,203,144,209,199,1
611,638,1031,787,259,196,136,220,195,1
612,617,1118,824,280,204,136,191,201,1
613,492,1099,826,295,195,133,185,188,1
614,459,1018,765,308,205,137,190,198,1
615,520,1031,803,352,212,151,180,230,1
616,513,1013,780,358,258,161,163,210,1
617,552,899,672,350,266,171,162,202,1
618,549,847,669,337,264,170,158,204,1
619,565,911,717,386,278,177,174,218,1
620,505,791,587,340,271,163,158,179,1
621,429,713,514,315,207,128,148,163,1
622,321,665,477,314,178,104,139,157,1
623,304,662,424,317,219,114,144,148,1
624,257,611,360,247,189,88,121,130,1
625,349,728,507,472,233,158,170,211,1
626,384,813,609,489,233,162,173,215,1
627,423,919,678,539,348,189,174,225,1
628,505,941,757,557,340,203,195,252,1
629,524,895,768,584,351,215,205,262,1
630,476,866,756,453,330,183,169,223,1
631,578,876,763,532,345,206,234,302,1
632,657,860,773,491,235,191,266,310,1
633,605,827,739,479,227,171,254,293,1
634,625,972,721,463,229,167,260,280,1
635,692,1037,709,446,218,167,261,309,1
636,629,976,621,321,210,139,209,241,1
637,531,919,541,297,199,126,166,226,1
638,533,959,593,288,181,122,161,223,1
639,541,894,605,368,180,131,186,263,1
640,467,812,615,384,231,140,188,217,1
641,531,951,664,447,223,155,215,263,1
642,598,992,737,459,225,165,235,277,1
643,623,1060,712,484,241,197,259,316,1
644,700,1112,918,527,305,222,260,347,1
645,723,1157,940,551,294,223,259,360,1
646,645,1066,952,542,309,223,286,327,1
647,631,1119,967,540,313,217,277,322,1
648,635,1007,956,515,305,190,257,282,1
649,611,1012,910,465,257,167,234,218,1
650,578,978,969,430,238,151,280,204,1
651,654,1119,1102,435,256,137,335,220,1
652,670,1068,1097,453,276,137,340,241,1
653,650,1166,1103,448,273,134,339,238,1
654,600,1147,1005,439,265,127,341,233,1
655,635,1173,957,533,265,159,310,277,1
656,602,1178,875,508,242,153,203,273,1
657,689,1294,1016,577,248,190,219,341,1
658,722,1272,1060,646,295,213,242,374,1
659,727,1200,1079,657,312,226,238,375,1
660,800,1199,1150,622,334,212,303,402,1
661,816,1121,1134,664,343,231,322,416,1
662,837,1112,1074,607,369,217,306,389,1
663,831,1161,1065,578,340,211,301,369,1
664,796,1293,1101,575,326,204,323,374,1
665,799,1287,1132,599,328,226,278,369,1
666,850,1303,1115,596,399,277,304,399,1
667,754,1257,1088,608,368,275,332,381,1
668,756,1209,1078,575,380,267,335,375,1
669,790,1140,998,615,411,288,338,391,1
670,793,1139,955,590,414,276,345,367,1
671,716,1143,976,535,331,211,308,305,1
672,665,1076,925,585,317,202,315,336,1
673,710,1070,999,600,303,200,315,353,1
674,735,1070,1088,539,230,162,303,347,1
675,670,1084,1008,498,190,148,289,330,1
676,694,1074,1035,504,182,147,276,331,1
677,732,1052,1161,477,196,177,243,293,1
678,692,1031,1104,477,216,194,241,286,1
679,626,1034,1051,501,228,202,264,287,1
680,573,1019,982,476,207,194,251,261,1
681,609,991,1006,527,222,194,266,295,1
682,566,1083,887,570,290,188,279,299,1
683,571,1141,881,562,286,177,275,281,1
684,620,1106,909,539,292,165,250,249,1
685,709,1150,1054,638,364,219,325,315,1
686,675,1126,983,616,364,236,338,292,1
687,690,1044,943,522,328,223,321,261,1
688,633,955,911,518,317,218,313,261,1
689,581,972,854,547,312,220,308,286,1
690,467,918,829,498,235,177,226,222,1
691,405,908,822,480,222,156,183,213,1
692,662,998,453,198,426,284,433,184,2
693,594,1078,473,196,416,288,428,168,2
694,563,1127,527,194,400,282,424,168,2
695,516,929,449,181,446,335,418,182,2
696,511,1000,480,201,464,297,316,181,2
697,563,1038,477,208,429,268,290,213,2
698,601,983,438,205,423,272,306,224,2
699,618,947,439,247,451,271,320,235,2
700,611,954,437,248,417,247,311,220,2
701,654,919,479,235,410,227,311,244,2
702,637,946,478,222,419,218,284,216,2
703,584,924,489,220,409,218,315,211,2
704,583,893,411,161,348,215,294,195,2
705,609,887,421,151,313,161,279,201,2
706,538,799,329,136,294,135,251,165,2
707,479,630,297,131,291,149,277,164,2
708,538,706,298,157,332,218,336,200,2
709,510,775,300,149,363,285,476,223,2
710,464,780,338,168,398,284,486,218,2
711,404,788,329,169,383,293,494,202,2
712,460,864,385,180,438,290,478,211,2
713,506,938,441,191,449,230,418,199,2
714,520,889,442,199,433,139,267,174,2
715,577,956,553,249,454,170,276,192,2
716,607,971,571,253,479,205,288,196,2
717,651,1037,589,284,484,225,307,212,2
718,632,935,561,265,468,226,288,191,2
719,615,936,636,284,497,248,312,197,2
720,644,994,593,244,487,227,286,212,2
721,686,1005,575,238,465,201,261,227,2
722,662,936,545,219,430,181,244,217,2
723,609,894,546,230,444,178,249,216,2
724,612,852,473,205,454,150,213,207,2
725,547,715,414,193,430,169,251,173,2
726,483,719,430,196,443,146,269,152,2
727,520,765,473,182,439,132,255,154,2
728,575,834,452,187,445,153,282,175,2
729,609,879,489,190,388,159,270,185,2
730,627,875,465,183,391,126,232,185,2
731,683,962,522,200,410,312,397,243,2
732,616,949,502,188,387,331,413,233,2
733,577,892,525,187,376,327,406,225,2
734,588,999,544,194,401,332,406,235,2
735,552,992,597,203,442,338,403,228,2
736,476,954,560,189,472,189,218,162,2
737,474,926,539,190,520,155,186,161,2
738,486,1041,540,178,507,177,185,156,2
739,540,1089,536,196,572,172,239,182,2
740,636,1144,506,197,598,170,266,212,2
741,725,1171,505,204,575,165,270,243,2
742,763,1178,494,201,542,177,308,252,2
743,754,1081,457,197,541,159,326,254,2
744,680,903,392,168,481,158,282,216,2
745,570,796,322,147,420,145,265,186,2
746,484,693,318,128,437,140,267,148,2
747,457,657,343,142,427,159,249,159,2
748,415,620,332,128,407,151,255,155,2
749,423,705,327,142,387,150,340,171,2
750,446,691,332,141,364,193,371,192,2
751,408,665,304,182,289,192,367,202,2
752,367,624,315,178,289,211,366,185,2
753,411,690,323,333,305,241,364,174,2
754,423,649,333,361,304,255,297,165,2
755,419,667,342,369,287,226,247,138,2
756,458,742,366,380,304,227,263,128,2
757,481,787,334,482,310,201,258,125,2
758,508,804,374,428,290,184,249,138,2
759,482,788,395,416,297,196,290,154,2
760,514,935,422,417,295,196,291,163,2
761,577,1007,548,407,283,226,297,193,2
762,650,1041,594,318,263,256,331,221,2
763,637,1034,638,275,241,279,340,226,2
764,696,1083,677,287,242,263,312,273,2
765,729,1068,693,295,247,293,344,295,2
766,712,1045,610,274,239,370,429,276,2
767,653,1017,604,231,232,423,486,259,2
768,631,1012,566,229,235,419,540,251,2
769,589,963,522,218,181,411,533,192,2
770,700,1065,607,257,171,527,630,247,2
771,674,1043,645,282,165,470,582,255,2
772,766,1153,629,301,177,410,546,297,2
773,768,1165,595,299,203,439,587,314,2
774,787,1223,635,274,215,454,610,325,2
775,781,1212,671,288,217,357,554,329,2
776,790,1172,640,275,209,365,556,354,2
777,816,1138,676,264,207,402,594,368,2
778,853,1158,751,286,241,443,499,368,2
779,880,1252,813,369,253,477,560,378,2
780,791,1118,759,356,249,433,504,329,2
781,841,1198,807,385,258,525,627,329,2
782,733,1186,905,411,261,507,600,289,2
783,714,1164,905,408,207,611,780,328,2
784,717,1067,869,360,221,603,752,321,2
785,693,1085,853,349,210,660,808,326,2
786,672,1016,865,364,263,608,743,331,2
787,693,1002,797,349,370,622,744,329,2
788,736,1048,774,356,411,556,635,281,2
789,695,1096,783,361,418,651,764,298,2
790,820,1200,880,390,445,626,752,327,2
791,800,1237,843,350,461,681,851,297,2
792,853,1243,791,333,460,709,854,283,2
793,883,1247,773,328,543,786,937,369,2
794,888,1191,703,305,665,753,938,377,2
795,822,1109,611,276,702,733,938,359,2
796,942,1153,663,309,778,719,906,405,2
797,941,1138,675,344,805,768,957,455,2
798,929,1085,747,390,836,681,850,443,2
799,930,1065,833,435,811,709,756,415,2
800,964,1031,896,470,822,709,755,419,2
801,851,981,874,453,818,665,643,367,2
802,845,1002,886,437,927,749,707,354,2
803,817,1032,868,403,872,747,808,318,2
804,880,1180,931,386,850,779,883,403,2
805,866,1174,894,372,887,920,1042,439,2
806,935,1215,917,391,856,967,1116,445,2
807,920,1190,931,391,737,832,1049,413,2
808,934,1208,892,380,748,849,1069,450,2
809,903,1116,796,363,747,817,1062,444,2
810,868,1134,731,311,712,678,901,419,2
811,822,1073,707,316,775,720,924,498,2
812,851,1082,668,319,800,739,967,530,2
813,933,1121,701,324,818,668,846,509,2
814,876,1054,633,312,836,615,812,466,2
815,842,1074,645,323,827,685,870,455,2
816,877,1121,645,294,741,576,801,401,2
817,878,1117,685,303,689,561,750,396,2
818,775,1045,643,305,631,545,741,378,2
819,785,1032,656,300,668,536,730,372,2
820,823,987,687,302,669,500,725,399,2
821,769,975,685,291,690,493,691,366,2
822,708,888,600,256,725,505,644,312,2
823,736,904,595,269,718,506,641,285,2
824,788,969,643,284,604,457,577,273,2
825,777,1045,608,261,556,327,424,203,2
826,767,993,610,272,563,413,538,229,2
827,795,1087,709,301,471,379,544,255,2
828,885,1149,728,279,490,375,540,307,2
829,853,1141,743,272,575,374,514,300,2
830,906,1102,739,280,682,562,737,372,2
831,923,1083,688,271,732,595,756,375,2
832,922,1038,613,235,761,585,739,363,2
833,765,1054,616,227,748,582,725,311,2
834,795,1072,564,224,756,693,866,388,2
835,745,1055,569,200,726,581,757,348,2
836,707,1092,610,211,657,462,636,325,2
837,670,1097,629,224,701,459,638,328,2
838,759,1022,639,268,765,545,692,350,2
839,829,1095,737,401,764,446,550,331,2
840,827,1064,762,416,732,409,448,311,2
841,859,1106,760,413,733,648,684,363,2
842,934,1172,792,454,674,671,692,406,2
843,940,1195,910,488,693,626,676,444,2
844,830,1090,837,425,703,596,684,403,2
845,949,1128,808,429,708,645,738,442,2
846,962,1107,791,433,728,467,563,427,2
847,900,1046,761,397,740,431,547,397,2
848,909,1069,591,318,648,400,508,345,2
849,1002,1088,554,259,596,452,508,376,2
850,953,1175,630,271,613,382,431,350,2
851,950,1173,664,292,602,323,502,336,2
852,980,1208,676,272,598,362,557,332,2
853,918,1154,681,276,600,487,677,338,2
854,869,1136,709,266,570,465,669,312,2
855,811,1022,620,234,514,473,711,309,2
856,777,1038,622,200,488,498,699,310,2
857,728,1046,602,202,457,540,733,290,2
858,768,1024,574,204,474,474,678,293,2
859,784,1011,553,202,523,435,658,274,2
860,839,1074,567,196,520,561,748,332,2
861,821,995,514,202,554,538,696,320,2
862,822,961,557,217,543,469,625,332,2
863,835,967,568,221,527,500,630,336,2
864,812,1032,576,232,489,535,654,335,2
865,767,932,525,226,458,406,525,270,2
866,832,996,540,218,415,382,537,260,2
867,877,1010,452,204,397,388,536,283,2
868,835,1032,452,200,378,300,466,252,2
869,828,1006,479,191,370,408,601,317,2
870,785,1061,480,186,383,406,593,300,2
871,716,1022,443,164,325,413,569,299,2
872,631,981,485,165,335,405,556,267,2
873,615,918,496,202,446,389,547,279,2
874,609,889,445,206,452,199,318,218,2
875,599,845,450,213,445,206,371,222,2
876,661,822,442,223,512,219,362,236,2
877,645,863,413,222,547,237,414,232,2
878,618,872,421,177,479,230,404,213,2
879,596,860,411,170,451,224,392,195,2
880,605,838,409,166,473,187,304,175,2
881,552,859,421,151,399,180,319,162,2
882,572,829,448,144,334,163,252,167,2
883,569,869,426,158,335,375,447,212,2
884,591,901,433,163,389,477,501,260,2
885,574,934,475,183,387,507,529,264,2
886,504,857,456,183,397,504,524,256,2
887,488,830,470,189,446,508,525,250,2
888,549,858,482,187,483,422,470,224,2
889,522,756,450,171,432,324,449,160,2
890,552,737,435,162,417,271,418,165,2
891,543,768,437,163,414,264,414,151,2
892,552,778,369,161,393,256,418,154,2
893,549,722,335,154,346,255,392,166,2
894,531,757,340,160,424,238,353,164,2
895,592,889,372,155,407,258,381,179,2
896,598,882,379,155,419,346,509,202,2
897,578,864,388,143,417,349,512,203,2
898,511,828,382,136,416,300,462,177,2
899,544,871,394,163,379,296,467,194,2
900,428,719,340,157,406,283,458,170,2
901,521,749,453,226,479,235,374,216,2
902,540,730,437,232,474,239,396,219,2
903,588,769,472,241,484,236,377,238,2
904,542,743,496,229,516,278,425,232,2
905,519,703,489,235,515,299,446,233,2
906,451,646,380,192,458,247,388,188,2
907,541,742,390,190,460,232,353,202,2
908,487,711,354,179,439,236,368,181,2
909,585,721,379,192,390,179,299,208,2
910,621,817,458,199,383,125,220,214,2
911,613,834,455,189,371,222,386,211,2
912,512,737,458,182,356,267,406,199,2
913,512,712,446,180,354,286,405,199,2
914,418,691,389,155,355,283,401,163,2
915,386,616,295,141,335,279,409,153,2
916,460,740,384,143,330,222,464,133,2
917,460,751,364,132,307,192,376,127,2
918,500,806,327,133,326,167,322,139,2
919,449,778,293,121,301,183,392,130,2
920,414,710,301,110,294,222,394,128,2
921,419,730,276,111,299,214,341,145,2
922,449,764,285,108,282,213,343,151,2
923,449,708,308,107,255,208,338,139,2
924,447,703,327,121,299,218,328,137,2
925,467,671,322,135,306,167,280,132,2
926,486,681,299,137,320,162,286,137,2
927,508,716,302,147,364,233,311,140,2
928,579,860,336,151,376,315,382,171,2
929,568,846,313,134,327,304,337,168,2
930,556,916,329,120,305,300,350,174,2
931,615,968,370,125,307,297,341,188,2
932,584,878,365,124,293,279,356,182,2
933,486,785,327,123,356,189,292,153,2
934,589,876,389,160,403,207,389,202,2
935,643,902,434,180,426,225,392,229,2
936,581,814,400,174,410,226,390,211,2
937,595,902,434,175,398,195,372,223,2
938,609,862,426,173,353,189,361,220,2
939,568,819,379,159,325,159,278,190,2
940,519,716,304,142,316,150,266,163,2
941,481,679,290,134,309,142,263,157,2
942,466,601,234,140,324,157,270,146,2
943,503,710,321,170,359,177,306,191,2
944,461,675,369,195,352,178,285,190,2
945,456,670,368,197,351,165,279,185,2
946,485,744,372,196,355,220,358,187,2
947,608,975,420,208,367,215,360,221,2
948,549,904,393,193,321,201,328,189,2
949,566,884,362,164,340,335,447,233,2
950,576,937,364,157,342,352,477,232,2
951,586,936,400,164,336,322,425,232,2
952,489,763,358,141,342,319,424,203,2
953,480,725,316,128,359,331,430,203,2
954,502,793,315,123,358,202,293,165,2
955,490,786,322,124,373,218,336,179,2
956,460,759,287,112,361,227,350,178,2
957,428,725,284,110,323,233,333,174,2
958,429,848,303,101,292,218,326,163,2
959,352,763,295,85,270,209,329,132,2
960,326,753,297,91,251,202,312,107,2
961,345,815,305,99,270,192,311,104,2
962,337,761,289,90,276,182,319,89,2
963,407,680,265,104,280,177,337,108,2
964,397,673,248,101,276,175,347,107,2
965,423,651,277,110,306,136,314,123,2
966,401,531,251,101,294,131,306,119,2
967,414,644,276,112,286,164,368,136,2
968,341,600,282,105,274,176,352,126,2
969,463,749,359,129,283,181,348,161,2
970,474,757,332,119,242,182,345,158,2
971,464,759,328,119,234,212,418,166,2
972,481,726,333,115,243,188,380,173,2
973,504,812,337,116,272,179,378,175,2
974,396,698,322,91,249,170,369,143,2
975,352,681,305,86,243,162,357,134,2
976,480,829,342,103,282,146,302,151,2
977,953,229,697,161,80,226,301,863,3
978,891,275,770,167,80,223,326,868,3
979,800,282,687,147,87,225,350,977,3
980,885,279,646,151,96,240,350,929,3
981,945,274,629,153,91,191,338,970,3
982,916,268,605,154,90,183,321,977,3
983,965,241,506,138,91,214,379,1011,3
984,991,254,510,139,86,221,390,1016,3
985,963,237,596,128,75,203,395,1046,3
986,863,289,676,167,75,204,385,924,3
987,912,288,611,164,71,206,401,974,3
988,966,272,567,169,68,146,376,1008,3
989,902,282,593,183,63,142,361,935,3
990,809,284,526,186,62,142,361,842,3
991,823,246,429,154,63,143,362,847,3
992,953,255,450,161,70,165,385,875,3
993,849,262,542,173,66,162,383,841,3
994,774,277,667,173,66,144,366,758,3
995,797,295,715,180,73,157,351,826,3
996,785,276,705,175,71,175,416,850,3
997,638,264,746,174,66,167,397,912,3
998,691,289,709,172,70,163,326,901,3
999,784,254,578,156,73,189,359,941,3
1000,821,245,565,150,70,182,363,908,3
1001,837,315,669,183,74,165,294,944,3
1002,786,378,731,177,74,148,257,795,3
1003,713,361,740,162,68,141,276,871,3
1004,700,373,762,166,74,163,349,892,3
1005,689,373,766,168,82,171,358,991,3
1006,747,376,684,138,84,184,420,985,3
1007,836,315,602,134,81,197,465,1006,3
1008,831,311,586,130,83,205,446,908,3
1009,947,282,643,124,76,184,377,916,3
1010,959,274,596,126,71,175,364,785,3
1011,868,199,611,136,70,159,282,715,3
1012,874,222,622,134,78,163,313,710,3
1013,1033,242,626,145,77,170,357,852,3
1014,908,273,538,164,79,147,338,809,3
1015,899,320,593,177,76,144,343,848,3
1016,932,333,559,170,65,204,465,845,3
1017,932,338,522,169,59,194,426,1026,3
1018,767,329,512,177,55,195,414,928,3
1019,849,339,529,160,60,215,427,886,3
1020,849,292,458,136,58,217,422,885,3
1021,838,268,490,128,63,158,276,884,3
1022,740,278,552,135,62,151,254,652,3
1023,794,303,531,129,67,143,243,640,3
1024,754,294,511,136,60,165,267,650,3
1025,759,290,485,135,68,191,337,737,3
1026,895,313,468,143,65,195,358,722,3
1027,925,299,474,179,68,194,385,778,3
1028,874,282,537,166,65,196,373,816,3
1029,919,257,508,164,63,171,377,970,3
1030,903,253,597,168,58,157,368,894,3
1031,789,252,630,170,62,163,357,973,3
1032,859,233,583,131,68,175,373,1023,3
1033,934,220,572,143,80,196,454,1035,3
1034,922,233,616,163,84,185,444,902,3
1035,1015,251,650,170,83,177,419,927,3
1036,1035,253,700,165,84,177,437,919,3
1037,1033,265,733,171,91,229,457,825,3
1038,963,265,743,170,83,225,405,815,3
1039,944,267,798,151,84,244,434,872,3
1040,841,290,724,145,81,253,439,869,3
1041,939,310,648,165,84,245,422,921,3
1042,892,298,637,169,73,198,357,916,3
1043,898,323,595,186,74,172,315,878,3
1044,859,326,497,185,69,161,288,864,3
1045,844,330,514,184,77,160,277,816,3
1046,702,297,508,165,88,239,374,772,3
1047,783,386,499,198,93,258,410,749,3
1048,890,381,568,192,94,285,478,865,3
1049,893,394,554,210,103,305,497,794,3
1050,969,409,539,212,109,320,515,829,3
1051,986,440,604,238,101,266,462,732,3
1052,924,417,681,248,102,244,449,801,3
1053,872,444,689,248,107,293,554,711,3
1054,976,418,692,233,106,263,549,832,3
1055,1016,388,758,228,98,241,535,920,3
1056,991,381,705,213,99,252,536,971,3
1057,1007,318,568,156,94,255,545,978,3
1058,1064,263,481,156,95,240,417,1048,3
1059,991,265,542,196,93,250,414,1007,3
1060,846,264,410,216,89,244,403,922,3
1061,895,246,423,241,92,269,393,987,3
1062,993,259,430,239,94,297,472,1074,3
1063,889,238,445,226,84,238,425,963,3
1064,809,260,489,210,81,225,385,888,3
1065,933,242,546,203,102,229,429,885,3
1066,888,218,526,160,99,190,429,787,3
1067,701,202,555,162,93,124,295,593,3
1068,692,208,556,160,107,115,293,590,3
1069,721,209,498,165,113,184,340,680,3
1070,625,260,538,163,108,270,369,715,3
1071,728,276,537,161,104,282,405,808,3
1072,720,290,509,162,103,292,400,763,3
1073,705,284,475,171,90,293,402,767,3
1074,856,292,459,177,81,289,443,801,3
1075,907,264,352,177,62,222,403,790,3
1076,841,244,370,191,66,210,393,687,3
1077,838,232,365,206,67,201,395,706,3
1078,839,237,379,199,81,234,418,697,3
1079,699,211,333,183,80,215,357,572,3
1080,650,212,308,193,89,247,382,486,3
1081,620,224,270,193,90,248,362,404,3
1082,601,210,247,180,117,246,370,364,3
1083,573,200,224,186,108,215,338,317,3
1084,487,180,158,227,108,185,309,284,3
1085,326,143,143,212,110,112,213,205,3
1086,188,92,114,277,108,79,151,140,3
1087,146,85,96,284,82,65,105,113,3
1088,122,79,115,310,143,55,87,82,3
1089,92,73,127,368,220,52,65,106,3
1090,112,66,130,379,255,59,52,186,3
1091,122,72,134,333,288,63,50,197,3
1092,128,75,135,352,302,65,47,198,3
1093,127,66,118,344,303,65,47,223,3
1094,120,77,188,241,256,62,44,238,3
1095,138,75,190,218,224,44,40,219,3
1096,137,67,191,234,184,34,38,218,3
1097,137,80,262,202,175,34,40,245,3
1098,142,85,285,190,164,35,42,259,3
1099,161,73,242,200,165,35,40,269,3
1100,150,75,272,211,163,39,52,269,3
1101,167,77,278,187,162,38,56,288,3
1102,217,61,217,188,149,38,60,303,3
1103,231,59,235,212,119,38,64,320,3
1104,226,63,231,204,112,40,76,369,3
1105,226,83,213,204,107,37,74,398,3
1106,261,112,226,203,126,37,75,418,3
1107,231,112,228,212,130,34,71,407,3
1108,222,113,195,185,120,33,66,380,3
1109,216,111,200,187,120,29,55,372,3
1110,205,104,223,179,120,27,47,335,3
1111,210,74,214,172,95,26,55,396,3
1112,202,69,219,163,80,27,56,399,3
1113,197,64,247,141,78,27,54,391,3
1114,198,62,271,152,69,26,61,358,3
1115,241,47,240,156,70,50,71,391,3
1116,186,62,252,159,88,59,61,309,3
1117,186,59,251,145,87,61,66,346,3
1118,203,68,230,150,85,64,68,373,3
1119,203,73,212,132,91,64,65,368,3
1120,152,76,211,141,98,50,57,376,3
1121,154,62,202,170,80,40,59,378,3
1122,146,70,234,167,81,35,54,366,3
1123,130,64,226,189,86,29,52,351,3
1124,131,64,218,186,89,30,51,356,3
1125,126,60,239,183,78,27,45,301,3
1126,116,75,257,151,73,24,45,310,3
1127,139,117,359,166,75,27,48,291,3
1128,137,121,355,142,71,28,47,284,3
1129,128,119,357,144,66,26,43,271,3
1130,116,118,344,142,63,25,42,270,3
1131,112,121,361,146,66,28,38,236,3
1132,87,78,251,133,70,26,31,230,3
1133,105,68,246,136,71,27,38,267,3
1134,133,79,256,127,64,28,39,278,3
1135,180,97,278,107,62,27,46,306,3
1136,182,87,238,128,55,27,49,324,3
1137,248,96,213,154,61,31,66,408,3
1138,257,103,225,146,68,30,66,407,3
1139,248,94,211,142,72,30,65,388,3
1140,234,84,211,191,75,30,60,378,3
1141,267,106,270,198,85,48,83,502,3
1142,428,135,328,179,78,69,178,593,3
1143,469,137,343,181,83,76,191,601,3
1144,504,266,482,258,88,94,199,625,3
1145,632,347,642,271,118,431,441,765,3
1146,831,453,776,281,129,512,551,838,3
1147,875,465,888,288,148,609,657,903,3
1148,1023,503,1061,345,172,715,805,1018,3
1149,1154,605,1118,345,191,823,933,1107,3
1150,1192,584,1148,338,225,898,972,1117,3
1151,1271,517,1209,349,225,942,997,1234,3
1152,1239,526,1183,348,220,899,945,1186,3
1153,1212,522,1076,360,211,827,886,1167,3
1154,1234,492,1004,356,227,821,866,1192,3
1155,1255,498,928,351,191,703,911,1156,3
1156,1198,598,899,438,189,631,858,1045,3
1157,1307,622,833,467,191,637,938,1275,3
1158,1303,620,822,436,203,674,933,1307,3
1159,1265,629,816,480,187,598,964,1369,3
1160,1347,679,861,574,211,608,933,1456,3
1161,1297,618,760,502,209,575,944,1400,3
1162,1246,712,840,497,226,647,958,1256,3
1163,1288,726,872,530,220,669,983,1266,3
1164,1378,687,1042,509,209,700,979,1241,3
1165,1302,637,997,404,170,622,917,1195,3
1166,1403,629,970,415,177,666,936,1350,3
1167,1448,582,962,404,168,640,873,1344,3
1168,1442,649,979,380,187,677,921,1361,3
1169,1392,665,846,359,192,656,854,1292,3
1170,1426,757,926,355,209,678,916,1296,3
1171,1336,760,886,328,203,660,949,1215,3
1172,1255,724,859,328,185,650,988,1145,3
1173,1305,744,848,338,146,600,1043,1194,3
1174,1198,687,802,307,132,540,995,1148,3
1175,1245,759,745,288,138,622,1038,1221,3
1176,1261,771,861,384,161,695,1057,1200,3
1177,1265,782,912,419,176,688,1027,1287,3
1178,1198,776,918,419,211,755,964,1160,3
1179,1363,811,970,425,215,774,1045,1351,3
1180,1215,638,960,442,203,714,927,1247,3
1181,1175,626,951,415,189,618,830,1164,3
1182,1168,582,896,377,194,606,833,1074,3
1183,1150,453,810,325,156,494,814,1124,3
1184,966,379,769,332,152,505,765,987,3
1185,1057,414,716,340,149,466,720,1045,3
1186,1129,397,588,300,144,481,745,1087,3
1187,1167,392,531,288,131,532,837,1124,3
1188,1358,443,643,347,149,637,992,1278,3
1189,1372,468,618,440,159,605,957,1227,3
1190,1305,459,752,413,163,644,990,1133,3
1191,1238,550,875,411,222,788,1075,1148,3
1192,1268,610,997,453,230,817,1074,1196,3
1193,968,579,1039,449,231,723,890,1057,3
1194,1041,619,1100,374,223,730,942,1098,3
1195,1113,636,1028,425,235,874,1090,1254,3
1196,1323,626,998,454,205,851,1118,1362,3
1197,1270,658,999,433,196,769,1004,1275,3
1198,1300,650,967,406,182,784,1034,1323,3
1199,1274,610,932,397,257,874,1116,1356,3
1200,1275,635,922,400,303,809,1059,1250,3
1201,1306,593,842,385,324,793,1112,1241,3
1202,1372,514,680,368,331,794,1123,1306,3
1203,1442,618,654,441,336,842,1156,1242,3
1204,1537,648,726,503,290,769,1083,1252,3
1205,1595,638,878,474,227,634,981,1332,3
1206,1426,692,971,449,172,491,787,1264,3
1207,1419,737,1066,515,165,584,867,1322,3
1208,1417,680,1056,515,167,488,729,1249,3
1209,1297,680,1027,532,168,463,704,1208,3
1210,1468,727,985,525,200,618,834,1323,3
1211,1472,663,913,536,211,654,833,1330,3
1212,1427,610,898,494,206,585,796,1274,3
1213,1350,594,916,445,202,580,816,1322,3
1214,1407,591,905,341,195,624,955,1316,3
1215,1156,508,874,363,159,557,942,1163,3
1216,1131,555,904,414,175,600,954,1150,3
1217,1114,574,895,404,163,620,1006,1119,3
1218,1097,609,904,463,159,633,1026,1060,3
1219,994,610,903,477,176,661,905,1064,3
1220,1114,696,936,507,180,746,1000,1130,3
1221,1248,668,911,459,149,674,964,1164,3
1222,1284,669,982,444,166,705,977,1219,3
1223,1360,638,967,401,161,727,988,1337,3
1224,1409,599,1032,392,140,663,957,1416,3
1225,1298,500,958,372,143,498,796,1338,3
1226,1254,593,1088,364,155,624,870,1290,3
1227,1205,582,994,391,195,664,806,1229,3
1228,1198,610,1020,350,207,649,851,1170,3
1229,1258,618,910,390,210,646,914,1106,3
1230,1321,602,905,343,235,770,959,1123,3
1231,1387,644,751,399,253,820,1092,1294,3
1232,1486,629,751,435,230,747,1097,1417,3
1233,1470,633,681,450,251,744,1065,1490,3
1234,1426,632,670,391,260,769,1050,1459,3
1235,1363,685,728,419,251,736,1088,1461,3
1236,1210,587,871,445,251,629,956,1320,3
1237,1222,602,872,406,255,750,1012,1281,3
1238,1312,739,1060,414,276,875,1132,1254,3
1239,1367,830,1171,508,283,897,1197,1296,3
1240,1500,951,1166,648,293,998,1289,1331,3
1241,1647,1023,1079,631,313,1038,1339,1344,3
1242,1610,1038,1270,792,372,1042,1413,1308,3
1243,1686,991,1167,871,399,1126,1458,1369,3
1244,1637,958,1087,842,422,1147,1426,1348,3
1245,1591,868,1102,813,438,1134,1420,1364,3
1246,1514,871,1098,945,476,1166,1416,1452,3
1247,1450,931,1047,861,441,1130,1318,1400,3
1248,1353,988,1159,839,493,1081,1299,1361,3
1249,1415,1050,1238,874,472,1141,1427,1391,3
1250,1378,1052,1305,871,464,1083,1321,1334,3
1251,1426,1017,1348,865,462,1110,1394,1361,3
1252,1545,1093,1305,860,514,1176,1420,1445,3
1253,1533,1010,1229,814,463,1154,1386,1393,3
1254,1439,910,1176,904,501,1069,1228,1325,3
1255,1532,976,1141,912,514,1004,1214,1412,3
1256,1551,1056,1145,763,493,937,1106,1354,3
1257,1520,951,1121,738,437,858,1086,1277,3
1258,1465,939,1123,762,415,764,990,1311,3
1259,1529,960,1110,622,407,815,1073,1373,3
1260,1443,882,1152,530,376,884,1133,1381,3
1261,1461,887,1127,740,375,865,1100,1372,3
1262,1535,940,1151,837,374,894,1190,1482,3
1263,1571,965,1046,812,433,1034,1268,1434,3
1264,1572,968,1076,843,415,1044,1248,1426,3
1265,1544,950,1046,890,422,1002,1187,1300,3
1266,1479,873,1104,798,395,999,1194,1319,3
1267,1483,765,973,679,403,980,1125,1256,3
1268,1420,824,1108,789,319,880,1137,1300,3
1269,1368,857,1257,764,316,829,1115,1260,3
1270,1389,839,1159,688,328,880,1174,1361,3
1271,1439,809,1085,632,381,937,1270,1409,3
1272,1387,897,1132,713,389,888,1195,1359,3
1273,1388,871,1062,669,412,778,1057,1304,3
1274,1381,820,780,631,402,845,1066,1301,3
1275,1335,814,939,629,379,911,1197,1250,3
1276,1346,919,1040,722,342,902,1166,1290,3
1277,1342,852,1116,672,325,939,1221,1395,3
1278,1550,842,1079,592,285,985,1280,1451,3
1279,1528,852,1075,640,305,907,1228,1402,3
1280,1506,869,997,686,298,743,972,1328,3
1281,1403,743,1003,611,280,624,873,1194,3
1282,1274,693,957,622,276,616,833,1055,3
1283,1083,644,963,684,302,596,795,963,3
1284,220,132,233,81,53,291,405,361,4
1285,217,162,232,73,59,271,363,354,4
1286,213,164,226,70,50,197,301,337,4
1287,228,176,249,93,57,179,294,370,4
1288,195,165,213,82,52,178,305,349,4
1289,223,150,199,105,56,151,291,365,4
1290,240,126,206,115,54,139,293,371,4
1291,245,121,196,115,57,146,301,362,4
1292,222,100,163,120,53,141,289,283,4
1293,212,93,154,127,55,132,268,273,4
1294,177,95,156,113,53,126,288,255,4
1295,176,88,150,103,49,129,308,260,4
1296,181,87,150,101,46,106,254,273,4
1297,195,87,151,70,45,232,388,260,4
1298,217,92,205,71,43,237,406,291,4
1299,219,89,215,112,53,235,384,346,4
1300,211,77,202,115,54,246,383,366,4
1301,208,76,211,117,56,273,429,374,4
1302,194,74,212,117,53,184,319,371,4
1303,203,80,232,111,54,177,287,374,4
1304,195,75,258,70,40,174,290,324,4
1305,206,78,261,67,41,173,284,267,4
1306,200,80,271,67,37,127,228,296,4
1307,208,82,272,67,38,155,258,293,4
1308,184,72,227,64,48,154,259,288,4
1309,204,63,191,53,56,185,336,358,4
1310,193,74,226,53,57,177,339,353,4
1311,195,70,207,51,57,179,337,318,4
1312,230,71,206,61,58,152,307,418,4
1313,253,73,269,66,48,190,391,420,4
1314,233,69,278,73,44,185,362,370,4
1315,229,51,249,74,41,179,343,380,4
1316,249,56,267,80,39,172,338,386,4
1317,241,56,268,77,40,211,393,314,4
1318,214,50,197,74,39,186,363,318,4
1319,215,57,190,70,32,161,325,317,4
1320,231,61,181,66,39,166,327,340,4
1321,218,62,186,60,40,176,345,348,4
1322,180,62,193,57,40,138,295,320,4
1323,191,65,190,80,46,127,231,317,4
1324,209,59,172,78,49,139,230,328,4
1325,199,58,184,76,44,132,240,305,4
1326,216,51,178,76,43,130,209,278,4
1327,226,52,177,74,42,108,176,345,4
1328,214,54,197,47,36,109,197,343,4
1329,194,56,203,51,29,115,243,329,4
1330,203,50,189,63,27,124,270,332,4
1331,174,55,195,72,30,120,285,337,4
1332,166,59,195,75,38,120,283,256,4
1333,187,56,220,106,38,140,283,318,4
1334,191,56,210,107,42,149,261,375,4
1335,183,56,207,117,49,153,289,379,4
1336,209,64,269,112,56,147,283,370,4
1337,233,61,288,111,50,147,280,382,4
1338,221,72,257,83,51,124,283,308,4
1339,227,72,264,78,48,100,277,239,4
1340,234,76,279,54,44,82,198,216,4
1341,231,71,216,53,31,83,175,260,4
1342,208,80,189,62,38,80,183,260,4
1343,247,72,193,59,44,130,175,308,4
1344,246,72,185,58,46,127,157,298,4
1345,226,72,172,71,44,128,170,308,4
1346,243,74,146,102,46,128,215,300,4
1347,258,62,156,100,42,132,228,286,4
1348,222,65,156,102,34,79,209,236,4
1349,223,81,193,108,31,77,210,236,4
1350,228,79,201,108,35,96,232,286,4
1351,192,74,210,94,58,93,197,283,4
1352,167,93,245,108,66,87,179,293,4
1353,196,91,240,119,70,88,203,387,4
1354,184,78,229,120,74,117,244,424,4
1355,188,83,248,119,75,101,211,377,4
1356,188,111,258,112,66,135,254,402,4
1357,192,98,215,94,59,137,257,396,4
1358,196,100,258,79,56,146,241,316,4
1359,219,103,248,90,54,127,220,281,4
1360,246,101,217,138,65,129,229,301,4
1361,241,71,197,142,60,129,203,263,4
1362,249,68,196,144,59,140,218,307,4
1363,225,61,153,143,57,135,227,312,4
1364,214,54,190,166,59,157,250,294,4
1365,176,53,233,129,50,161,256,292,4
1366,240,56,249,131,48,137,240,340,4
1367,224,59,251,135,54,125,229,299,4
1368,218,60,244,140,59,123,226,324,4
1369,214,61,216,99,56,112,214,319,4
1370,226,64,194,97,51,99,208,310,4
1371,173,59,170,88,55,100,209,274,4
1372,183,64,204,114,51,124,223,323,4
1373,188,64,201,123,51,122,222,283,4
1374,191,68,198,154,68,98,195,294,4
1375,180,65,178,152,76,103,190,286,4
1376,211,73,214,208,83,127,203,340,4
1377,209,77,199,215,86,111,185,302,4
1378,210,75,198,234,100,174,243,328,4
1379,200,69,192,247,99,191,260,343,4
1380,250,68,195,309,118,191,267,386,4
1381,209,69,146,279,122,191,284,334,4
1382,205,70,167,264,125,185,277,325,4
1383,235,75,173,243,116,132,225,307,4
1384,247,78,175,209,112,119,227,284,4
1385,193,78,175,153,87,160,273,232,4
1386,199,94,199,155,75,146,247,214,4
1387,201,97,199,154,65,154,245,219,4
1388,158,96,209,153,59,179,248,212,4
1389,141,95,214,152,48,180,224,221,4
1390,176,94,217,127,61,143,150,248,4
1391,174,75,201,131,57,141,144,261,4
1392,168,57,163,127,58,158,157,253,4
1393,175,55,134,143,85,139,179,250,4
1394,170,66,240,152,94,130,191,236,4
1395,131,76,261,138,93,134,189,194,4
1396,118,74,259,130,115,128,180,154,4
1397,124,74,254,130,115,118,216,177,4
1398,124,73,255,118,101,126,203,201,4
1399,132,60,175,121,92,124,193,223,4
1400,122,57,203,120,90,124,193,230,4
1401,134,54,205,117,67,133,201,237,4
1402,139,64,204,116,73,128,155,218,4
1403,130,74,206,121,76,136,184,218,4
1404,134,88,239,111,77,137,182,209,4
1405,135,85,183,105,75,134,189,192,4
1406,128,86,182,97,71,139,186,186,4
1407,119,79,183,114,66,126,183,222,4
1408,126,69,188,132,81,96,127,223,4
1409,112,63,147,131,85,97,148,213,4
1410,126,63,144,125,79,104,174,220,4
1411,138,66,154,124,76,92,178,228,4
1412,138,70,155,163,79,95,186,217,4
1413,228,75,149,144,66,109,194,245,4
1414,237,64,126,155,77,116,182,247,4
1415,232,65,145,158,80,120,163,292,4
1416,226,60,137,160,81,119,168,289,4
1417,263,61,142,128,78,121,168,283,4
1418,186,66,251,153,70,117,181,243,4
1419,179,67,256,145,49,118,188,261,4
1420,178,69,249,141,42,117,180,218,4
1421,204,71,250,138,41,139,219,237,4
1422,158,91,374,124,36,146,220,224,4
1423,156,82,322,79,32,135,200,217,4
1424,153,83,335,68,29,122,190,213,4
1425,188,82,354,64,33,133,206,226,4
1426,170,85,356,98,34,138,209,201,4
1427,164,59,221,138,64,125,197,194,4
1428,159,78,249,146,72,131,205,198,4
1429,166,78,223,148,74,174,233,210,4
1430,138,72,184,149,73,180,244,192,4
1431,124,70,173,131,71,159,201,181,4
1432,126,71,185,81,48,170,204,189,4
1433,127,63,156,194,88,169,194,187,4
1434,119,71,162,270,147,150,176,200,4
1435,109,70,161,285,149,143,147,213,4
1436,109,66,158,286,151,140,161,229,4
1437,112,63,137,289,150,128,155,230,4
1438,147,57,82,227,131,127,166,251,4
1439,182,50,156,133,62,169,283,276,4
1440,199,59,160,99,58,167,291,270,4
1441,200,58,160,96,54,169,282,269,4
1442,199,62,162,104,58,176,297,279,4
1443,187,93,302,99,51,180,323,285,4
1444,154,98,304,109,47,117,216,224,4
1445,129,93,306,119,53,122,215,241,4
1446,130,95,309,133,56,138,228,236,4
1447,139,96,328,123,54,130,210,291,4
1448,142,70,280,127,51,135,201,286,4
1449,152,61,239,109,50,138,206,295,4
1450,157,63,233,105,46,132,203,285,4
1451,153,74,260,86,45,114,187,330,4
1452,144,68,243,79,38,124,207,279,4
1453,158,68,154,67,39,130,182,263,4
1454,149,65,155,89,40,127,174,263,4
1455,148,72,214,99,40,111,158,265,4
1456,150,71,186,111,41,135,197,245,4
1457,156,73,185,112,49,124,183,320,4
1458,185,68,192,113,47,108,181,318,4
1459,189,70,212,99,45,104,180,317,4
1460,181,62,155,75,43,113,204,314,4
1461,206,47,149,81,48,89,167,288,4
1462,207,43,138,81,47,87,182,289,4
1463,157,44,171,96,51,89,182,287,4
1464,159,52,168,109,52,91,192,284,4
1465,158,49,161,125,52,82,163,273,4
1466,163,48,168,111,45,100,202,320,4
1467,167,49,173,112,39,105,200,243,4
1468,172,53,138,108,41,109,193,249,4
1469,199,40,110,100,46,155,251,311,4
1470,216,41,133,86,47,168,279,339,4
1471,188,40,122,86,45,160,253,324,4
1472,178,44,122,88,54,161,242,319,4
1473,188,41,124,78,49,166,251,324,4
1474,147,44,130,66,42,126,183,259,4
1475,129,42,107,64,43,124,167,220,4
1476,141,48,107,67,51,118,176,220,4
1477,149,50,197,62,44,134,203,281,4
1478,135,48,196,58,43,119,191,265,4
1479,145,47,195,59,42,118,205,296,4
1480,139,47,219,57,41,106,180,303,4
1481,174,44,226,54,35,130,209,281,4
1482,173,38,165,53,31,113,185,226,4
1483,187,39,168,54,31,118,185,250,4
1484,184,47,174,58,33,131,203,237,4
1485,186,56,150,57,34,131,213,243,4
1486,143,55,138,52,29,102,184,231,4
1487,136,56,115,47,29,99,196,238,4
1488,140,58,132,70,30,122,270,286,4
1489,144,71,148,71,42,105,245,278,4
1490,150,68,145,76,45,103,243,273,4
1491,163,69,167,106,54,122,262,282,4
1492,178,70,195,108,56,123,260,281,4
1493,161,78,207,99,56,98,182,212,4
1494,155,61,230,98,50,97,182,197,4
1495,158,59,237,92,45,98,179,188,4
1496,153,58,223,91,39,181,239,182,4
1497,139,60,208,96,37,191,281,242,4
1498,144,47,188,90,42,192,283,249,4
1499,142,53,151,88,42,198,287,267,4
1500,147,56,177,92,45,221,295,271,4
1501,150,56,176,68,44,144,229,276,4
1502,168,60,189,67,43,126,163,230,4
1503,173,59,184,72,37,123,152,243,4
1504,181,53,187,70,39,148,178,260,4
1505,168,49,151,67,41,111,162,257,4
1506,159,53,154,60,42,118,162,244,4
1507,145,49,151,69,43,123,165,238,4
1508,166,52,148,73,47,136,194,297,4
1509,163,54,130,74,45,101,171,301,4
1510,163,54,129,73,42,100,183,319,4
1511,190,52,130,91,49,99,178,357,4
1512,177,48,117,87,52,127,212,350,4
1513,141,43,111,80,50,120,187,303,4
1514,167,42,126,80,49,125,188,352,4
1515,183,40,148,87,50,130,175,358,4
1516,170,41,158,73,42,131,178,330,4
1517,177,38,152,63,36,116,139,331,4
1518,185,40,167,62,36,132,183,338,4
1519,167,50,190,60,34,124,177,250,4
1520,169,60,197,59,29,131,182,239,4
1521,171,66,225,47,27,126,201,282,4
1522,211,69,229,49,25,110,194,295,4
1523,220,68,218,49,27,100,180,293,4
1524,217,60,187,68,47,122,205,351,4
1525,207,51,186,72,49,118,224,366,4
1526,216,56,199,77,51,121,212,333,4
1527,175,54,198,85,52,124,213,328,4
1528,155,54,197,102,59,137,213,306,4
1529,194,66,240,94,49,121,185,230,4
1530,191,67,256,87,51,113,174,226,4
1531,174,54,222,94,56,111,160,228,4
1532,240,53,221,108,60,128,166,263,4
1533,277,62,237,169,64,102,149,292,4
1534,248,50,196,184,122,101,149,297,4
1535,252,49,163,193,133,98,123,270,4
1536,256,62,183,336,185,109,147,261,4
1537,209,73,222,353,288,88,139,248,4
1538,162,69,216,609,335,82,140,228,4
1539,166,73,221,629,335,98,179,263,4
1540,165,79,233,639,339,102,184,253,4
1541,146,74,217,589,321,87,170,265,4
1542,164,63,174,582,242,101,189,266,4
1543,158,61,165,292,172,116,208,274,4
1544,168,64,205,241,141,112,174,243,4
1545,180,59,182,216,125,127,176,251,4
1546,179,56,201,176,99,129,169,229,4
1547,151,55,201,154,75,122,158,210,4
1548,147,57,209,113,64,109,119,189,4
1549,130,52,201,101,61,107,128,191,4
1550,107,50,224,99,51,93,136,198,4
1551,116,50,200,98,78,98,147,233,4
1552,144,51,203,115,87,114,145,247,4
1553,150,47,206,173,100,114,142,243,4
1554,152,40,173,203,108,108,130,237,4
1555,169,50,176,326,161,160,141,252,4
1556,167,51,180,333,189,159,138,222,4
1557,138,50,176,363,189,149,139,202,4
1558,135,55,191,344,187,156,149,310,4
1559,138,63,188,345,194,172,199,327,4
1560,107,61,154,282,190,118,182,304,4
1561,101,65,174,388,188,112,178,302,4
1562,99,67,197,367,189,117,169,343,4
1563,136,66,180,371,186,144,194,275,4
1564,141,70,204,359,176,128,156,278,4
1565,187,74,226,321,135,130,159,310,4
1566,209,73,212,181,90,129,159,322,4
1567,207,73,193,209,140,128,169,271,4
1568,202,84,219,202,140,139,220,297,4
1569,199,78,199,205,138,137,220,280,4
1570,162,69,176,196,137,136,217,260,4
1571,142,63,170,203,175,140,221,284,4
1572,150,67,199,176,156,152,219,277,4
1573,123,54,170,173,160,108,136,274,4
1574,132,52,168,175,166,108,133,317,4
1575,128,52,164,177,167,113,143,306,4
1576,115,50,158,168,126,110,133,280,4
1577,115,46,185,176,126,100,153,302,4
1578,114,40,191,184,140,121,164,271,4
1579,95,34,201,186,161,123,167,216,4
1580,97,36,200,190,167,139,177,222,4
1581,149,43,238,178,162,167,228,258,4
1582,142,42,197,148,142,161,219,231,4
1583,146,40,184,153,128,145,210,233,4
1584,158,40,169,137,92,143,216,264,4
1585,172,44,184,140,75,142,208,285,4
1586,156,40,161,139,74,106,172,263,4
1587,172,38,161,133,66,100,182,277,4
1588,194,43,178,97,57,119,195,265,4
1589,192,43,186,114,82,115,182,244,4
1590,188,47,207,134,113,104,198,246,4
1591,193,56,220,156,114,137,227,235,4
1592,181,55,219,182,112,147,234,230,4
1593,156,50,202,189,119,129,217,236,4
1594,151,52,221,198,121,130,216,241,4
1595,141,48,221,186,98,142,227,214,4
1596,107,37,192,258,134,123,203,227,4
1597,121,47,186,257,148,121,192,233,4
1598,126,56,244,272,143,118,195,236,4
1599,130,57,229,269,142,122,199,234,4
1600,130,53,208,285,168,104,165,266,4
1601,142,57,220,220,144,102,162,258,4
1602,144,53,234,212,135,87,145,246,4
1603,142,48,222,192,136,88,142,231,4
1604,134,47,222,171,119,86,136,208,4
1605,130,49,228,133,69,79,125,157,4
1606,115,42,211,107,61,63,101,183,4
1607,149,53,217,83,56,82,110,227,4
1608,183,55,166,72,51,85,111,224,4
1609,179,55,155,71,56,78,106,221,4
1610,182,54,137,94,69,82,107,248,4
1611,198,69,194,118,82,107,149,272,4
1612,165,63,179,119,79,120,198,265,4
1613,143,61,181,117,79,121,207,290,4
1614,146,64,176,147,85,118,215,279,4
1615,194,70,195,133,83,147,225,392,4
1616,235,70,196,149,92,142,181,387,4
1617,353,650,606,96,80,220,288,285,5
1618,348,599,524,94,76,215,272,332,5
1619,361,539,460,98,76,184,309,337,5
1620,369,580,463,119,88,167,297,321,5
1621,278,567,415,113,82,158,298,265,5
1622,276,608,439,105,75,176,323,279,5
1623,261,593,471,112,79,181,338,249,5
1624,331,607,469,111,81,193,322,362,5
1625,344,623,559,115,77,189,328,375,5
1626,364,796,590,153,94,194,333,414,5
1627,420,764,540,154,94,172,280,431,5
1628,434,777,521,153,95,219,298,420,5
1629,388,785,535,154,97,225,309,334,5
1630,411,828,511,146,97,222,308,328,5
1631,413,650,491,112,83,221,332,290,5
1632,367,614,474,113,83,257,346,337,5
1633,366,636,488,114,85,232,322,373,5
1634,351,653,477,118,80,199,276,372,5
1635,368,706,528,149,84,203,280,385,5
1636,359,713,518,161,87,223,330,383,5
1637,328,818,523,161,83,223,377,309,5
1638,321,809,536,159,82,214,392,304,5
1639,318,809,539,155,87,226,396,311,5
1640,295,643,427,118,78,245,382,321,5
1641,275,685,445,93,72,220,304,327,5
1642,281,529,438,89,75,199,224,329,5
1643,298,496,389,86,72,193,237,319,5
1644,310,432,378,106,70,188,233,312,5
1645,271,440,365,105,67,153,234,297,5
1646,273,397,376,117,70,149,234,267,5
1647,250,384,386,128,74,116,248,253,5
1648,194,391,383,135,73,194,240,203,5
1649,196,442,382,119,71,197,248,381,5
1650,249,430,401,121,70,199,276,398,5
1651,248,385,349,118,71,210,263,396,5
1652,246,430,361,101,63,208,247,397,5
1653,266,438,377,98,66,135,236,415,5
1654,243,395,394,110,69,122,239,253,5
1655,159,462,414,127,89,239,260,238,5
1656,149,466,419,132,96,251,284,235,5
1657,151,405,397,143,99,256,281,236,5
1658,133,400,389,150,108,258,270,198,5
1659,130,383,351,139,103,257,259,186,5
1660,119,327,350,114,83,154,212,97,5
1661,121,348,440,116,88,136,176,97,5
1662,117,373,443,121,92,135,174,98,5
1663,91,369,432,120,87,134,225,156,5
1664,75,361,435,129,90,134,230,160,5
1665,76,362,371,134,90,131,221,160,5
1666,65,417,267,137,83,106,229,166,5
1667,61,475,314,124,74,90,219,158,5
1668,53,453,303,113,68,68,140,121,5
1669,61,503,301,114,69,68,157,115,5
1670,68,526,348,118,77,97,186,132,5
1671,68,512,355,111,74,93,219,139,5
1672,64,469,315,120,98,96,232,147,5
1673,76,509,345,133,103,102,238,148,5
1674,120,486,344,126,98,107,284,149,5
1675,124,445,324,115,91,92,274,145,5
1676,126,388,279,102,84,90,236,142,5
1677,136,367,274,93,52,92,265,194,5
1678,132,302,248,78,43,82,268,190,5
1679,100,260,293,90,51,72,201,195,5
1680,97,260,293,93,53,58,208,196,5
1681,92,263,340,100,54,67,212,202,5
1682,97,247,356,110,73,67,158,145,5
1683,96,246,345,118,80,67,144,129,5
1684,87,238,314,120,76,70,144,113,5
1685,92,193,285,123,79,70,118,109,5
1686,95,182,247,128,83,60,106,74,5
1687,82,206,303,129,75,55,102,80,5
1688,86,215,323,121,69,63,110,81,5
1689,85,224,336,111,70,53,93,79,5
1690,69,255,346,107,64,51,82,66,5
1691,77,254,326,108,62,75,123,76,5
1692,108,243,283,101,53,81,178,137,5
1693,107,243,281,95,47,79,177,147,5
1694,109,236,260,96,46,83,178,154,5
1695,109,201,253,108,60,83,181,151,5
1696,110,218,271,105,68,81,178,147,5
1697,80,286,248,114,78,77,129,92,5
1698,75,288,226,114,79,73,123,99,5
1699,73,290,207,131,82,70,128,124,5
1700,71,288,193,127,78,75,136,135,5
1701,98,275,220,119,75,65,129,156,5
1702,114,273,300,102,71,76,186,164,5
1703,114,270,310,109,73,82,194,171,5
1704,115,272,321,90,69,81,193,150,5
1705,124,317,354,88,68,78,190,172,5
1706,100,444,421,101,75,76,222,164,5
1707,93,449,393,118,77,75,178,156,5
1708,99,463,415,134,85,91,186,144,5
1709,107,461,413,131,91,93,190,169,5
1710,105,450,394,135,90,94,195,148,5
1711,103,335,298,125,80,88,169,138,5
1712,109,291,292,118,74,79,175,232,5
1713,122,270,277,101,68,73,188,249,5
1714,119,266,268,100,66,73,192,235,5
1715,126,275,286,90,61,73,182,235,5
1716,133,437,345,112,83,110,223,250,5
1717,119,435,315,109,83,116,230,169,5
1718,106,429,286,108,79,108,219,142,5
1719,125,427,317,117,81,106,212,150,5
1720,140,453,326,128,89,108,217,159,5
1721,134,311,284,112,68,73,184,136,5
1722,141,287,276,104,66,73,178,145,5
1723,134,283,284,97,64,63,165,135,5
1724,114,313,278,90,60,64,173,133,5
1725,82,276,286,84,48,70,178,164,5
1726,78,294,335,80,48,69,153,170,5
1727,82,304,332,86,53,59,145,179,5
1728,93,336,339,87,53,69,156,182,5
1729,95,324,337,79,47,72,159,190,5
1730,96,337,333,87,48,61,149,149,5
1731,136,348,344,98,61,65,196,170,5
1732,130,334,349,92,55,63,193,154,5
1733,127,309,338,96,60,57,188,161,5
1734,128,312,341,102,68,61,187,157,5
1735,129,333,362,96,80,68,206,159,5
1736,87,349,328,98,74,62,197,127,5
1737,86,352,340,99,74,64,204,143,5
1738,82,361,360,94,70,60,196,136,5
1739,75,342,350,89,62,52,182,115,5
1740,80,317,337,82,52,53,188,113,5
1741,92,240,289,69,47,52,145,146,5
1742,87,232,284,65,49,46,131,142,5
1743,102,221,272,70,46,48,138,146,5
1744,108,253,290,74,51,50,189,151,5
1745,99,210,253,66,44,45,169,146,5
1746,86,207,242,62,42,69,200,123,5
1747,112,237,259,59,41,73,216,135,5
1748,111,300,264,59,44,72,239,132,5
1749,105,309,271,69,45,74,209,127,5
1750,107,320,264,71,46,69,206,128,5
1751,106,325,273,77,43,43,171,124,5
1752,79,321,256,85,49,43,207,97,5
1753,83,260,259,85,52,50,183,106,5
1754,81,220,256,78,46,50,181,105,5
1755,86,188,304,74,43,60,260,122,5
1756,100,182,299,68,44,63,263,126,5
1757,102,204,302,63,42,59,220,132,5
1758,91,193,304,68,42,55,215,120,5
1759,97,197,298,63,42,54,246,127,5
1760,91,198,248,63,43,44,164,109,5
1761,73,192,244,72,45,47,181,96,5
1762,68,177,247,72,43,54,198,80,5
1763,83,224,225,77,45,54,219,102,5
1764,81,250,204,83,50,52,189,112,5
1765,83,246,203,83,48,63,205,111,5
1766,94,246,220,75,47,67,200,112,5
1767,95,231,203,79,48,62,204,109,5
1768,80,207,198,82,48,62,183,88,5
1769,74,182,211,82,45,66,189,65,5
1770,103,188,218,83,48,54,166,130,5
1771,105,194,265,87,49,48,192,141,5
1772,105,222,289,87,47,64,175,147,5
1773,105,216,296,76,41,70,179,154,5
1774,121,233,274,79,40,69,169,165,5
1775,104,235,262,80,39,86,248,174,5
1776,95,242,235,86,49,85,221,180,5
1777,91,208,206,82,48,71,220,176,5
1778,125,212,213,78,48,69,237,190,5
1779,125,173,228,71,48,70,235,181,5
1780,120,198,240,71,48,49,153,133,5
1781,123,196,212,60,40,46,147,126,5
1782,126,218,264,62,42,57,164,126,5
1783,100,203,264,58,39,50,139,101,5
1784,89,225,299,66,46,52,140,111,5
1785,86,239,338,72,58,56,146,127,5
1786,91,290,351,79,61,59,163,119,5
1787,114,281,325,77,61,61,144,150,5
1788,157,303,316,85,66,91,182,202,5
1789,159,291,279,79,62,92,187,205,5
1790,164,284,259,81,58,91,191,205,5
1791,165,261,283,90,63,92,181,206,5
1792,148,248,267,94,63,93,192,184,5
1793,98,235,284,87,57,82,178,150,5
1794,123,264,296,92,58,81,175,171,5
1795,132,297,268,96,56,87,170,181,5
1796,126,287,229,83,44,84,199,181,5
1797,132,293,237,77,42,76,191,189,5
1798,136,335,254,82,44,61,172,165,5
1799,107,365,309,88,50,71,217,142,5
1800,90,377,336,114,70,72,214,107,5
1801,128,396,354,117,74,81,203,173,5
1802,178,432,374,126,82,83,222,177,5
1803,179,421,403,128,83,91,222,213,5
1804,202,387,397,126,84,78,190,304,5
1805,211,334,379,91,64,76,195,313,5
1806,194,297,366,89,58,68,179,283,5
1807,153,249,364,86,46,73,161,283,5
1808,171,236,343,96,57,79,167,315,5
1809,147,218,284,87,48,81,186,239,5
1810,134,260,307,93,52,75,175,236,5
1811,132,275,333,90,54,75,175,251,5
1812,135,261,344,82,55,72,180,251,5
1813,130,227,306,68,43,60,199,197,5
1814,125,241,306,66,42,57,161,188,5
1815,126,284,296,66,44,56,166,184,5
1816,122,301,269,66,43,59,172,153,5
1817,113,320,232,71,48,63,168,155,5
1818,158,326,238,68,47,64,175,215,5
1819,176,317,249,66,47,68,181,221,5
1820,179,248,247,81,47,71,197,257,5
1821,179,234,268,98,58,71,187,271,5
1822,194,217,259,95,55,85,184,296,5
1823,266,219,263,95,57,85,174,399,5
1824,279,263,281,102,60,84,188,422,5
1825,278,349,307,96,64,85,191,405,5
1826,280,345,281,81,52,82,195,399,5
1827,274,343,281,83,55,61,193,401,5
1828,175,342,281,94,58,70,182,278,5
1829,201,311,284,98,62,70,169,303,5
1830,278,235,254,100,61,66,146,323,5
1831,304,255,260,112,65,62,133,341,5
1832,307,283,272,111,63,71,138,324,5
1833,302,305,291,102,57,65,119,307,5
1834,266,309,298,95,52,70,154,256,5
1835,187,289,277,81,40,72,152,230,5
1836,135,293,288,64,47,80,163,203,5
1837,125,305,369,87,54,88,172,216,5
1838,319,279,349,101,57,150,265,344,5
1839,343,316,326,103,57,153,251,344,5
1840,357,335,360,122,67,156,263,340,5
1841,435,354,346,120,62,152,259,385,5
1842,482,333,266,104,54,146,250,387,5
1843,418,340,261,97,54,77,174,404,5
1844,450,353,335,104,56,71,178,445,5
1845,565,360,366,116,59,72,204,552,5
1846,635,346,389,130,68,89,221,635,5
1847,784,354,386,129,71,141,341,783,5
1848,952,515,511,150,109,185,414,851,5
1849,1031,521,516,158,119,204,449,987,5
1850,1045,720,658,166,132,210,477,1039,5
1851,1050,905,783,164,134,215,478,1043,5
1852,962,1048,887,192,161,221,452,971,5
1853,797,1044,870,192,153,274,507,902,5
1854,877,1047,853,201,157,350,660,903,5
1855,988,952,773,212,167,370,694,902,5
1856,912,885,646,227,176,374,711,828,5
1857,917,817,526,223,160,357,697,796,5
1858,1063,778,463,211,152,352,718,980,5
1859,1056,803,500,213,163,409,662,1058,5
1860,1145,855,452,195,150,419,677,1132,5
1861,1167,848,550,183,144,419,667,1149,5
1862,1149,817,536,166,138,423,670,1145,5
1863,1019,827,566,177,139,405,576,1052,5
1864,993,812,530,155,114,282,459,948,5
1865,722,783,625,164,117,268,338,763,5
1866,712,775,549,173,117,260,342,754,5
1867,739,700,541,167,114,254,330,780,5
1868,761,647,559,168,115,227,343,703,5
1869,565,724,615,195,125,216,364,515,5
1870,489,719,545,181,119,183,403,511,5
1871,470,628,567,164,106,202,403,523,5
1872,424,680,582,176,113,228,409,485,5
1873,409,746,579,230,143,223,362,441,5
1874,430,724,548,226,147,209,346,435,5
1875,461,712,526,222,143,207,331,432,5
1876,570,719,510,226,147,201,342,450,5
1877,572,780,584,236,156,181,308,491,5
1878,532,884,677,232,166,203,349,461,5
1879,509,887,678,211,151,207,334,458,5
1880,514,845,678,210,150,269,350,510,5
1881,426,823,665,212,152,257,348,458,5
1882,387,891,694,226,163,252,364,398,5
1883,385,819,654,169,123,229,337,390,5
1884,390,760,643,177,127,233,346,394,5
1885,365,840,683,187,135,201,336,345,5
1886,291,892,770,189,135,199,298,330,5
1887,288,769,688,146,103,194,286,392,5
1888,472,689,607,147,107,259,329,522,5
1889,495,678,613,154,113,257,324,524,5
1890,479,679,641,168,117,222,315,485,5
1891,506,667,559,177,122,228,329,513,5
1892,506,614,545,179,121,237,336,477,5
1893,340,580,525,171,111,203,299,325,5
1894,295,709,571,173,115,204,306,311,5
1895,285,665,480,151,101,213,302,284,5
1896,230,647,477,141,101,273,376,285,5
1897,317,645,464,140,106,276,392,350,5
1898,350,668,474,143,109,266,409,412,5
1899,370,725,582,144,109,263,416,413,5
1900,386,686,559,141,110,256,390,443,5
1901,393,639,528,126,99,255,410,422,5
1902,313,650,550,135,100,254,399,352,5
1903,259,681,601,131,97,227,366,278,5
1904,306,441,400,114,83,273,398,370,5
1905,378,457,445,113,81,342,478,410,5
1906,388,500,456,112,76,310,422,411,5
1907,385,542,502,100,68,299,412,418,5
1908,388,530,462,114,76,310,447,423,5
1909,372,568,494,115,78,287,447,379,5
1910,277,546,468,105,72,214,376,301,5
1911,234,552,484,97,70,189,359,268,5
1912,232,548,513,118,83,190,355,256,5
1913,224,494,498,111,78,184,317,244,5
1914,323,532,516,120,88,213,354,415,5
1915,358,514,503,125,88,208,364,459,5
1916,359,542,499,133,94,213,345,457,5
1917,359,520,432,117,81,213,367,461,5
1918,365,526,426,113,77,216,370,480,5
1919,279,451,360,92,62,162,278,427,5
1920,241,512,446,107,78,159,256,389,5
1921,237,428,429,99,70,155,267,392,5
1922,246,452,404,107,76,155,242,414,5
1923,253,451,414,114,78,144,280,398,5
1924,182,497,452,117,78,140,288,244,5
1925,156,594,476,109,60,116,274,211,5
1926,158,616,520,112,66,134,315,229,5
1927,179,570,503,95,57,136,309,213,5
1928,176,568,498,91,60,129,283,268,5
1929,238,603,526,107,74,129,259,314,5
1930,253,593,510,116,94,144,256,316,5
1931,268,614,474,116,95,127,193,309,5
1932,253,609,471,124,97,128,264,320,5
1933,256,611,482,123,95,130,260,333,5
1934,217,570,427,117,86,117,262,319,5
1935,202,430,327,98,63,127,292,328,5
1936,192,394,289,98,60,125,328,331,5
1937,188,384,292,89,56,136,268,336,5
1938,150,412,306,94,57,136,251,264,5
1939,131,480,394,99,61,147,272,233,5
1940,136,500,399,98,62,125,245,231,5
1941,155,508,412,107,60,119,205,264,5
1942,154,538,418,116,66,110,236,225,5
1943,154,513,380,110,62,103,233,224,5
1944,140,421,316,97,55,91,213,216,5
1945,138,389,323,107,59,81,196,202,5
1946,90,389,319,95,55,81,176,124,5
1947,125,424,382,84,55,84,190,181,5
1948,155,432,386,81,55,95,201,216,5
1949,378,978,617,199,118,157,215,113,6
1950,347,897,589,192,121,113,193,114,6
1951,331,887,592,179,116,127,324,123,6
1952,377,916,601,188,125,154,322,138,6
1953,396,966,648,186,117,150,318,145,6
1954,370,829,609,173,116,152,320,145,6
1955,352,793,582,171,105,165,350,143,6
1956,356,848,570,175,110,153,263,136,6
1957,318,831,558,176,105,166,275,141,6
1958,302,742,568,181,107,167,278,131,6
1959,263,642,512,153,88,164,273,126,6
1960,269,690,547,158,98,158,243,154,6
1961,297,648,531,172,103,153,210,162,6
1962,291,709,560,181,107,121,213,170,6
1963,250,733,490,174,106,131,212,174,6
1964,256,794,469,178,111,118,267,168,6
1965,290,775,390,174,98,129,262,154,6
1966,274,857,456,156,88,148,274,139,6
1967,307,799,436,133,74,144,268,108,6
1968,331,794,429,129,68,145,306,114,6
1969,332,829,456,127,65,159,274,127,6
1970,305,910,489,95,60,152,282,113,6
1971,289,819,442,91,54,137,281,116,6
1972,239,861,438,91,62,142,298,116,6
1973,240,931,508,123,73,150,248,127,6
1974,317,943,524,119,69,139,273,122,6
1975,323,851,521,129,79,130,291,126,6
1976,387,869,500,133,81,145,273,127,6
1977,395,870,525,141,77,150,255,124,6
1978,394,747,436,113,68,130,263,102,6
1979,373,692,383,117,67,135,225,97,6
1980,375,667,366,108,55,141,245,92,6
1981,315,741,429,103,59,125,259,90,6
1982,328,711,388,90,54,110,288,97,6
1983,343,713,380,104,67,119,300,93,6
1984,321,685,355,107,70,133,303,100,6
1985,306,743,352,111,75,144,275,99,6
1986,296,707,288,130,84,154,266,98,6
1987,272,770,319,134,88,152,218,99,6
1988,236,828,319,130,84,153,219,104,6
1989,218,875,429,132,88,163,242,97,6
1990,282,904,476,144,93,150,249,93,6
1991,287,887,471,142,93,142,246,97,6
1992,291,812,459,138,89,150,250,94,6
1993,313,898,524,154,98,143,246,100,6
1994,308,938,439,181,115,143,229,103,6
1995,292,866,414,189,119,146,197,113,6
1996,302,831,398,183,112,141,205,104,6
1997,315,901,382,202,120,145,221,118,6
1998,324,813,337,209,124,152,209,121,6
1999,368,738,368,211,121,132,205,127,6
2000,360,722,330,203,118,127,235,122,6
2001,360,758,386,205,120,140,247,139,6
2002,391,762,413,213,134,170,250,155,6
2003,406,786,388,191,120,163,266,154,6
2004,361,768,441,158,103,164,278,145,6
2005,360,782,441,141,94,161,260,145,6
2006,396,796,497,133,92,160,247,138,6
2007,350,776,510,87,62,128,236,110,6
2008,304,717,528,87,64,128,227,107,6
2009,340,697,477,98,68,129,206,119,6
2010,367,705,499,109,73,141,195,119,6
2011,324,777,407,106,69,135,179,112,6
2012,326,728,395,106,71,177,219,110,6
2013,357,792,378,106,78,182,198,107,6
2014,324,826,412,100,76,187,224,98,6
2015,296,843,424,104,76,181,271,100,6
2016,304,761,426,106,76,181,305,106,6
2017,310,778,413,100,67,134,279,119,6
2018,270,733,421,124,63,127,292,123,6
2019,276,697,376,126,62,109,274,121,6
2020,240,696,327,122,58,126,252,119,6
2021,234,677,336,126,56,130,271,115,6
2022,225,635,322,131,64,169,282,97,6
2023,230,652,433,125,62,170,288,88,6
2024,235,622,422,126,59,196,280,85,6
2025,244,646,425,125,59,198,313,78,6
2026,235,721,537,140,69,206,289,89,6
2027,223,728,527,136,65,174,274,89,6
2028,224,685,482,126,69,170,253,90,6
2029,233,763,587,123,76,201,251,89,6
2030,239,719,584,118,74,223,184,87,6
2031,290,684,541,103,70,221,188,82,6
2032,305,709,559,128,75,236,194,99,6
2033,326,744,506,133,73,236,259,110,6
2034,324,724,420,130,68,193,286,109,6
2035,335,753,499,147,79,158,283,116,6
2036,289,816,452,149,87,142,276,112,6
2037,305,782,451,124,81,109,283,103,6
2038,325,791,473,119,83,158,280,99,6
2039,328,846,455,129,90,155,264,119,6
2040,332,836,465,107,85,148,300,116,6
2041,322,719,458,101,78,145,281,112,6
2042,306,761,502,122,97,147,281,112,6
2043,406,845,597,123,105,122,231,113,6
2044,432,861,605,114,98,125,227,112,6
2045,419,833,533,112,96,124,240,129,6
2046,431,828,506,117,101,122,239,132,6
2047,470,799,466,100,100,118,225,133,6
2048,346,708,391,136,107,85,222,128,6
2049,317,585,378,149,110,51,279,112,6
2050,333,647,413,169,116,77,253,91,6
2051,324,645,423,168,108,76,255,86,6
2052,261,653,428,175,99,79,253,85,6
2053,258,594,400,150,77,77,248,76,6
2054,243,554,402,140,77,78,161,73,6
2055,213,478,368,125,73,54,152,73,6
2056,224,520,367,120,73,51,157,71,6
2057,263,481,388,161,71,50,152,67,6
2058,256,462,329,157,67,48,147,65,6
2059,239,443,304,153,61,46,146,64,6
2060,251,437,290,161,55,40,99,62,6
2061,238,452,307,168,56,41,75,63,6
2062,190,454,296,125,55,33,60,51,6
2063,184,419,312,125,61,32,55,49,6
2064,191,434,321,128,68,33,49,46,6
2065,164,434,337,119,67,30,34,36,6
2066,165,435,320,110,64,28,24,30,6
2067,209,568,380,128,69,41,42,54,6
2068,261,581,372,124,87,44,46,61,6
2069,263,578,357,133,91,46,47,65,6
2070,275,571,343,125,91,46,59,65,6
2071,293,560,402,156,110,61,116,92,6
2072,279,476,348,145,106,57,120,84,6
2073,250,491,346,146,88,55,120,83,6
2074,241,487,350,134,81,54,149,85,6
2075,336,747,447,172,106,74,189,125,6
2076,342,779,398,155,102,67,171,114,6
2077,341,780,367,147,105,66,169,114,6
2078,355,775,359,145,102,65,205,117,6
2079,359,867,419,164,103,69,226,121,6
2080,268,797,402,131,81,52,218,94,6
2081,253,759,436,130,75,56,224,92,6
2082,269,728,451,139,74,58,225,93,6
2083,235,725,454,140,85,57,196,87,6
2084,251,706,405,125,83,53,153,79,6
2085,287,672,410,124,85,53,121,74,6
2086,274,719,483,106,76,42,137,67,6
2087,234,741,484,94,68,37,136,63,6
2088,252,742,485,97,58,39,139,78,6
2089,236,649,484,85,56,38,161,78,6
2090,180,576,461,78,57,38,165,68,6
2091,181,494,365,89,55,38,138,69,6
2092,207,493,341,95,56,39,140,74,6
2093,241,493,341,92,60,37,214,61,6
2094,265,657,366,103,64,39,202,73,6
2095,265,631,330,105,53,39,197,77,6
2096,263,617,338,95,55,40,197,75,6
2097,261,573,324,85,54,40,200,72,6
2098,227,626,346,90,47,41,166,73,6
2099,216,627,376,80,46,40,161,61,6
2100,261,694,396,79,46,35,176,54,6
2101,261,706,357,75,41,32,179,51,6
2102,248,702,368,79,39,29,192,51,6
2103,268,668,359,107,62,42,166,65,6
2104,298,602,323,137,85,60,173,85,6
2105,271,498,276,137,87,60,181,87,6
2106,277,454,266,139,89,61,179,90,6
2107,273,508,299,140,90,62,194,91,6
2108,331,554,316,137,92,58,202,105,6
2109,328,502,334,128,79,40,195,96,6
2110,332,553,389,125,80,56,288,117,6
2111,376,779,511,147,85,88,488,149,6
2112,421,784,496,159,89,90,483,156,6
2113,393,870,517,156,85,97,521,174,6
2114,500,1015,561,192,108,117,552,213,6
2115,507,1015,533,196,108,113,510,204,6
2116,497,895,474,190,106,94,332,193,6
2117,503,888,468,185,107,113,326,197,6
2118,482,834,454,181,104,135,283,178,6
2119,467,771,459,162,89,125,234,131,6
2120,480,810,453,170,99,146,241,131,6
2121,464,828,439,168,101,150,245,123,6
2122,451,825,482,170,100,155,271,114,6
2123,478,852,503,167,100,145,255,107,6
2124,383,844,423,137,88,145,244,101,6
2125,363,815,432,124,73,137,278,104,6
2126,362,785,443,117,73,171,344,113,6
2127,326,868,470,110,75,215,336,110,6
2128,280,914,518,99,72,213,322,109,6
2129,254,919,535,116,70,214,330,113,6
2130,280,900,523,116,75,208,291,115,6
2131,321,912,497,113,70,181,229,97,6
2132,328,879,484,111,60,108,215,112,6
2133,331,801,448,122,62,99,246,109,6
2134,434,735,443,118,62,124,251,128,6
2135,412,815,489,115,58,132,256,127,6
2136,378,858,496,116,59,128,243,136,6
2137,412,852,453,136,81,130,234,130,6
2138,437,882,390,134,83,131,223,136,6
2139,349,848,405,116,81,105,220,125,6
2140,369,862,428,127,82,94,221,124,6
2141,371,835,447,132,86,103,222,118,6
2142,345,846,476,118,72,106,275,117,6
2143,331,770,483,110,65,111,254,105,6
2144,302,741,457,114,64,129,284,98,6
2145,296,733,410,106,68,124,274,96,6
2146,292,694,396,101,65,116,253,97,6
2147,290,676,435,128,76,134,198,97,6
2148,308,668,442,135,83,135,208,97,6
2149,450,852,538,177,103,123,166,139,6
2150,448,764,527,176,105,126,213,139,6
2151,495,822,507,182,108,128,218,144,6
2152,490,877,433,158,97,97,223,143,6
2153,468,928,447,159,93,96,229,151,6
2154,333,795,325,118,71,97,225,115,6
2155,330,840,365,118,63,93,203,125,6
2156,271,809,432,105,54,99,234,123,6
2157,246,702,429,106,57,103,237,118,6
2158,297,668,389,95,50,94,255,138,6
2159,318,729,437,83,52,80,265,132,6
2160,305,736,439,76,57,80,250,126,6
2161,285,780,390,90,65,66,216,122,6
2162,292,774,388,84,59,73,230,118,6
2163,240,754,387,95,61,113,217,102,6
2164,212,692,378,95,62,120,194,105,6
2165,318,719,413,103,61,132,227,103,6
2166,324,634,436,105,59,132,238,100,6
2167,342,694,460,107,61,133,223,112,6
2168,336,697,466,102,60,128,236,100,6
2169,346,737,467,106,56,133,247,103,6
2170,248,778,411,106,55,122,211,107,6
2171,267,797,378,90,48,121,207,106,6
2172,259,775,368,101,55,128,231,100,6
2173,254,761,371,96,57,118,218,95,6
2174,325,743,304,102,65,111,233,121,6
2175,337,613,260,95,66,112,248,113,6
2176,338,703,265,120,77,115,283,128,6
2177,338,709,230,112,73,123,266,135,6
2178,352,698,203,119,73,110,263,139,6
2179,286,708,382,141,77,111,247,135,6
2180,259,699,393,147,77,111,232,134,6
2181,266,605,382,128,67,121,228,125,6
2182,272,596,392,137,68,104,242,118,6
2183,265,690,444,132,66,93,246,121,6
2184,289,659,351,96,51,93,235,108,6
2185,292,741,403,96,56,121,251,116,6
2186,267,762,411,96,54,107,223,121,6
2187,259,757,412,81,49,102,218,127,6
2188,268,803,410,75,48,105,199,118,6
2189,252,757,394,86,50,110,222,108,6
2190,256,697,340,80,41,103,201,101,6
2191,239,636,323,78,47,106,231,89,6
2192,233,586,358,106,57,109,239,88,6
2193,221,580,330,114,68,111,231,97,6
2194,186,757,372,113,76,118,246,107,6
2195,179,725,386,109,76,95,265,103,6
2196,227,753,388,112,73,91,226,107,6
2197,235,786,366,84,66,86,194,93,6
2198,251,692,354,80,60,80,190,82,6
2199,266,528,412,78,56,70,174,70,6
2200,203,628,307,83,46,78,257,85,6
2201,202,689,325,88,45,73,237,89,6
2202,213,680,339,85,43,80,254,91,6
2203,205,703,347,88,38,81,254,90,6
2204,229,721,369,93,41,73,226,84,6
2205,263,664,344,88,40,67,181,69,6
2206,272,551,328,80,40,77,196,66,6
2207,306,583,290,85,43,81,182,66,6
2208,295,565,322,77,45,78,182,65,6
2209,285,518,317,72,46,86,235,74,6
2210,280,539,291,78,48,89,245,75,6
2211,280,583,307,73,45,82,230,73,6
2212,256,568,323,81,49,73,242,75,6
2213,273,677,317,87,47,78,256,74,6
2214,257,667,301,85,45,71,207,62,6
2215,219,626,357,78,43,67,198,61,6
2216,211,636,412,78,46,71,209,62,6
2217,196,658,427,81,41,69,184,59,6
2218,177,580,419,75,43,72,178,55,6
2219,176,551,410,79,46,58,176,57,6
2220,167,573,384,89,50,57,160,55,6
2221,189,625,321,89,50,54,126,49,6
2222,174,583,301,86,51,53,119,48,6
2223,168,507,266,81,49,49,128,45,6
2224,156,498,267,87,47,53,154,45,6
2225,225,605,270,93,43,52,154,45,6
2226,219,552,333,98,49,51,155,43,6
2227,225,543,312,95,60,53,152,38,6
2228,230,582,345,101,69,45,173,40,6
2229,262,587,405,99,68,40,152,42,6
2230,190,598,234,119,66,40,213,67,6
2231,220,735,334,121,68,42,216,72,6
2232,213,656,358,120,71,38,164,74,6
2233,215,620,383,100,69,37,155,74,6
2234,218,637,370,102,62,39,186,75,6
2235,233,636,388,103,56,43,195,80,6
2236,217,454,322,101,51,42,193,75,6
2237,246,486,319,72,49,34,135,58,6
2238,196,399,272,55,36,27,192,51,6
2239,191,441,383,69,49,32,205,59,6
2240,197,407,379,66,51,33,212,60,6
2241,204,395,378,66,53,33,228,57,6
2242,224,537,402,70,55,36,237,61,6
2243,235,637,406,87,61,37,213,68,6
2244,258,615,313,88,53,32,208,64,6
2245,249,733,300,93,61,38,198,80,6
2246,263,826,421,110,65,39,204,87,6
2247,234,731,415,114,67,41,195,94,6
2248,252,662,414,111,64,42,177,90,6
2249,235,666,407,107,63,43,217,100,6
2250,249,632,439,111,55,41,215,95,6
2251,296,712,411,140,84,60,189,116,6
2252,315,764,405,140,84,60,211,127,6
2253,315,753,375,133,82,58,215,144,6
2254,317,768,399,146,81,58,192,145,6
2255,314,736,386,146,85,59,193,145,6
2256,295,684,315,121,67,50,205,132,6
2257,266,647,293,117,62,49,212,130,6
2258,249,639,325,118,63,49,208,113,6
2259,322,702,368,124,78,65,189,140,6
2260,313,771,366,121,75,64,215,138,6
2261,274,688,345,114,63,54,232,152,6
2262,291,711,356,113,67,54,204,145,6
2263,319,804,398,141,84,62,247,151,6
2264,273,949,369,128,77,50,257,125,6
2265,268,882,348,131,80,53,233,124,6
2266,270,864,347,129,81,55,218,93,6
2267,282,887,365,134,84,61,226,99,6
2268,251,846,350,131,74,57,190,103,6
2269,236,669,349,131,73,58,240,115,6
2270,233,638,351,125,69,55,252,117,6
2271,228,684,355,122,67,55,237,120,6
2272,265,744,499,114,67,67,240,113,6
2273,262,801,504,95,62,67,239,103,6
2274,249,834,478,87,60,64,174,88,6
2275,254,833,471,86,60,63,189,105,6
2276,273,832,467,90,63,63,201,108,6
2277,251,777,322,97,57,43,186,103,6
2278,251,721,258,90,60,39,170,99,6
2279,240,613,268,102,59,37,182,94,6
2280,254,614,291,109,77,37,144,69,6
2281,255,640,331,109,75,33,117,61,6
